501572;2023-12-30 06:20:00;;;;;85.0;28.0;4;N;0.0;Tebing Tinggi;Kota Tebing Tinggi;Sumatera Utara;3.32944;99.13889
501573;2023-12-30 06:20:00;;;;;85.0;22.0;4;NE;10.0;Balige;Kab. Toba Samosir;Sumatera Utara;2.38032;99.24647
501574;2023-12-30 06:20:00;;;;;80.0;29.0;61;NW;0.0;Binjai Kota;Kota Binjai;Sumatera Utara;3.61904;98.4846
501575;2023-12-30 06:20:00;;;;;100.0;20.0;2;W;0.0;Dolok Sanggul;Kab. Humbang Hasundutan;Sumatera Utara;2.23062;98.57336
501576;2023-12-30 06:20:00;;;;;85.0;27.0;2;N;0.0;Gunung Sitoli;Kab. Nias;Sumatera Utara;1.211152;97.602539
501577;2023-12-30 06:20:00;;;;;75.0;23.0;60;N;0.0;Kabanjahe;Kab. Karo;Sumatera Utara;3.1;98.5
501578;2023-12-30 06:20:00;;;;;85.0;32.0;4;N;0.0;Kisaran;Kab. Asahan;Sumatera Utara;2.97287;99.628143
501579;2023-12-30 06:20:00;;;;;85.0;29.0;60;NW;10.0;Lubuk Pakam;Kab. Deli Serdang;Sumatera Utara;3.57;98.85
501580;2023-12-30 06:20:00;;;;;85.0;32.0;95;N;0.0;Medan;Kota Medan;Sumatera Utara;3.66681;98.67123
501581;2023-12-30 06:20:00;;;;;90.0;23.0;2;NE;0.0;Padang Sidempuan;Kota Padang Sidempuan;Sumatera Utara;1.500000001;99.25
501582;2023-12-30 06:20:00;;;;;90.0;32.0;1;NW;0.0;Pandan;Kab. Tapanuli Tengah;Sumatera Utara;1.69;98.83
501583;2023-12-30 06:20:00;;;;;90.0;20.0;2;N;0.0;Pangururan;Kab. Samosir;Sumatera Utara;2.50894;98.62638
501584;2023-12-30 06:20:00;;;;;100.0;21.0;4;N;0.0;Panyabungan;Kab. Mandailing Natal;Sumatera Utara;0.71628;99.4183
501585;2023-12-30 06:20:00;;;;;90.0;23.0;60;NE;10.0;Pematang Raya;Kab. Simalungun;Sumatera Utara;2.966389;98.845833
501586;2023-12-30 06:20:00;;;;;85.0;25.0;2;NE;10.0;Pematang Siantar;Kota Pematang Siantar;Sumatera Utara;2.9676;99.05145
501587;2023-12-30 06:20:00;;;;;90.0;32.0;3;N;0.0;Rantau Prapat;Kab. Labuhanbatu;Sumatera Utara;2.250000001;99.8333
501588;2023-12-30 06:20:00;;;;;95.0;23.0;61;N;0.0;Salak;Kab. Pak-Pak Bharat;Sumatera Utara;2.55478;98.27623
501589;2023-12-30 06:20:00;;;;;85.0;32.0;2;NW;0.0;Sei Rampah;Kab. Serdang Bedagai;Sumatera Utara;3.5;99.13
501590;2023-12-30 06:20:00;;;;;85.0;32.0;3;W;10.0;Sibolga;Kota Sibolga;Sumatera Utara;1.797343;98.76709
501591;2023-12-30 06:20:00;;;;;95.0;22.0;2;SE;10.0;Sidikalang;Kab. Dairi;Sumatera Utara;2.82712;98.27832
501592;2023-12-30 06:20:00;;;;;95.0;21.0;4;S;0.0;Sipirok;Kab. Tapanuli Selatan;Sumatera Utara;1.603028;99.268167
501593;2023-12-30 06:20:00;;;;;75.0;30.0;2;N;0.0;Stabat;Kab. Langkat;Sumatera Utara;3.76;98.41
501594;2023-12-30 06:20:00;;;;;85.0;32.0;60;NE;0.0;Tanjung Balai;Kota Tanjung Balai;Sumatera Utara;2.94164;99.77844
501595;2023-12-30 06:20:00;;;;;95.0;21.0;2;W;0.0;Tarutung;Kab. Tapanuli Utara;Sumatera Utara;2.00001;98.9
501596;2023-12-30 06:20:00;;;;;90.0;27.0;3;W;10.0;Teluk Dalam;Kab. Nias Selatan;Sumatera Utara;0.59;97.78
5002210;2023-12-30 06:20:00;;;;;80.0;32.0;4;N;0.0;Lima Puluh;Kab. Batubara;Sumatera Utara;3.172739;99.419403
5002211;2023-12-30 06:20:00;;;;;75.0;32.0;3;NE;0.0;Kota Pinang;Kab. Labuhanbatu Selatan;Sumatera Utara;2.048514;99.997559
5002212;2023-12-30 06:20:00;;;;;75.0;32.0;61;N;0.0;Aek Kanopan;Kab. Labuhanbatu Utara;Sumatera Utara;2.703007;99.621277
5002213;2023-12-30 06:20:00;;;;;95.0;23.0;2;N;0.0;Sibuhuan;Kab. Padanglawas;Sumatera Utara;1.476125;99.075394
5002214;2023-12-30 06:20:00;;;;;70.0;30.0;1;E;10.0;Gunung Tua;Kab. Padanglawas Utara;Sumatera Utara;1.506327;99.62471
5002215;2023-12-30 06:20:00;;;;;85.0;28.0;60;N;0.0;Lotu;Kab. Nias Utara;Sumatera Utara;1.433909;97.35569
5002216;2023-12-30 06:20:00;;;;;80.0;28.0;60;SW;10.0;Lahomi;Kab. Nias Barat;Sumatera Utara;1.006571;97.463837
5011784;2023-12-30 06:20:00;;;;;75.0;32.0;2;N;0.0;Aek Kuasan;Kab. Asahan;Sumatera Utara;2.6486;99.6359
5011785;2023-12-30 06:20:00;;;;;75.0;32.0;60;N;0.0;Aek Ledong;Kab. Asahan;Sumatera Utara;2.5887;99.6494
5011786;2023-12-30 06:20:00;;;;;75.0;32.0;2;N;0.0;Aek Songsongan;Kab. Asahan;Sumatera Utara;2.6469;99.5057
5011787;2023-12-30 06:20:00;;;;;80.0;29.0;61;N;0.0;Air Batu;Kab. Asahan;Sumatera Utara;2.8203;99.6221
5011788;2023-12-30 06:20:00;;;;;85.0;32.0;4;N;0.0;Air Joman;Kab. Asahan;Sumatera Utara;2.9956;99.7103
5011789;2023-12-30 06:20:00;;;;;85.0;32.0;4;E;0.0;Bandar Pasir Mandoge;Kab. Asahan;Sumatera Utara;2.782;99.2993
5011790;2023-12-30 06:20:00;;;;;85.0;32.0;4;E;0.0;Bandar Pulau;Kab. Asahan;Sumatera Utara;2.7008;99.4336
5011791;2023-12-30 06:20:00;;;;;85.0;32.0;2;N;0.0;Buntu Pane;Kab. Asahan;Sumatera Utara;2.9192;99.5494
5011792;2023-12-30 06:20:00;;;;;85.0;32.0;4;N;0.0;Kisaran Barat;Kab. Asahan;Sumatera Utara;2.9829;99.6052
5011793;2023-12-30 06:20:00;;;;;85.0;32.0;2;N;0.0;Meranti;Kab. Asahan;Sumatera Utara;3.0701;99.6209
5011794;2023-12-30 06:20:00;;;;;85.0;32.0;3;N;0.0;Pulo Bandring;Kab. Asahan;Sumatera Utara;2.9848;99.5501
5011795;2023-12-30 06:20:00;;;;;75.0;32.0;60;N;0.0;Rahuning;Kab. Asahan;Sumatera Utara;2.7306;99.5922
5011796;2023-12-30 06:20:00;;;;;85.0;32.0;1;N;0.0;Rawang Panca Arga;Kab. Asahan;Sumatera Utara;3.0585;99.6556
5011797;2023-12-30 06:20:00;;;;;85.0;32.0;61;N;0.0;Sei Dadap;Kab. Asahan;Sumatera Utara;2.9802;99.6907
5011798;2023-12-30 06:20:00;;;;;85.0;32.0;61;NE;0.0;Sei Kepayang;Kab. Asahan;Sumatera Utara;2.834;99.8632
5011799;2023-12-30 06:20:00;;;;;85.0;32.0;60;NE;0.0;Sei Kepayang Barat;Kab. Asahan;Sumatera Utara;2.9555;99.8373
5011800;2023-12-30 06:20:00;;;;;85.0;32.0;60;NE;0.0;Sei Kepayang Timur;Kab. Asahan;Sumatera Utara;2.9575;99.9143
5011801;2023-12-30 06:20:00;;;;;85.0;32.0;1;N;0.0;Setia Janji;Kab. Asahan;Sumatera Utara;2.9479;99.4944
5011802;2023-12-30 06:20:00;;;;;85.0;32.0;2;N;0.0;Silau Laut;Kab. Asahan;Sumatera Utara;3.1001;99.7263
5011803;2023-12-30 06:20:00;;;;;85.0;32.0;95;NE;0.0;Simpang Empat;Kab. Asahan;Sumatera Utara;2.9211;99.7284
5011804;2023-12-30 06:20:00;;;;;85.0;32.0;3;NE;0.0;Tanjung Balai;Kab. Asahan;Sumatera Utara;3.0091;99.8521
5011805;2023-12-30 06:20:00;;;;;80.0;29.0;61;N;0.0;Teluk Dalam;Kab. Asahan;Sumatera Utara;2.8351;99.6373
5011806;2023-12-30 06:20:00;;;;;80.0;29.0;60;N;0.0;Tinggi Raja;Kab. Asahan;Sumatera Utara;2.8548;99.5658
5011807;2023-12-30 06:20:00;;;;;85.0;32.0;60;N;0.0;Air Putih;Kab. Batubara;Sumatera Utara;3.286;99.3746
5011808;2023-12-30 06:20:00;;;;;85.0;32.0;4;N;0.0;Indrapura;Kab. Batubara;Sumatera Utara;3.297;99.332
5011809;2023-12-30 06:20:00;;;;;80.0;32.0;3;N;0.0;Lima Puluh;Kab. Batubara;Sumatera Utara;3.28;99.5024
5011810;2023-12-30 06:20:00;;;;;85.0;32.0;1;N;0.0;Medang Deras;Kab. Batubara;Sumatera Utara;3.4157;99.3142
5011811;2023-12-30 06:20:00;;;;;85.0;32.0;3;N;0.0;Sei Balai;Kab. Batubara;Sumatera Utara;3.1268;99.5872
5011812;2023-12-30 06:20:00;;;;;85.0;32.0;60;N;0.0;Sei Suka;Kab. Batubara;Sumatera Utara;3.3208;99.3395
5011813;2023-12-30 06:20:00;;;;;85.0;32.0;63;N;0.0;Talawi;Kab. Batubara;Sumatera Utara;3.202;99.5641
5011814;2023-12-30 06:20:00;;;;;85.0;32.0;2;N;0.0;Tanjung Tiram;Kab. Batubara;Sumatera Utara;3.2056;99.6031
5011815;2023-12-30 06:20:00;;;;;80.0;29.0;61;NW;0.0;Binjai Timur;Kota Binjai;Sumatera Utara;3.612;98.496
5011816;2023-12-30 06:20:00;;;;;80.0;29.0;1;NW;0.0;Binjai Barat;Kota Binjai;Sumatera Utara;3.6075;98.474
5011817;2023-12-30 06:20:00;;;;;80.0;29.0;60;NW;0.0;Binjai Selatan;Kota Binjai;Sumatera Utara;3.5809;98.4835
5011818;2023-12-30 06:20:00;;;;;80.0;29.0;95;NW;0.0;Binjai Utara;Kota Binjai;Sumatera Utara;3.639;98.4868
5011819;2023-12-30 06:20:00;;;;;95.0;22.0;1;SE;10.0;Berampu;Kab. Dairi;Sumatera Utara;2.7541;98.2631
5011820;2023-12-30 06:20:00;;;;;95.0;22.0;4;SE;10.0;Gunung Sitember;Kab. Dairi;Sumatera Utara;3.0447;98.1487
5011822;2023-12-30 06:20:00;;;;;95.0;22.0;2;SE;10.0;Lae Parera;Kab. Dairi;Sumatera Utara;2.7854;98.2188
5011823;2023-12-30 06:20:00;;;;;80.0;22.0;3;E;0.0;Parbuluan;Kab. Dairi;Sumatera Utara;2.6589;98.4445
5011824;2023-12-30 06:20:00;;;;;95.0;22.0;1;SE;10.0;Pegagan Hilir;Kab. Dairi;Sumatera Utara;2.8231;98.3774
5011825;2023-12-30 06:20:00;;;;;95.0;22.0;4;SE;10.0;Siempat Nempu;Kab. Dairi;Sumatera Utara;2.8212;98.1999
5011826;2023-12-30 06:20:00;;;;;95.0;22.0;4;SE;10.0;Siempat Nempu Hulu;Kab. Dairi;Sumatera Utara;2.8346;98.2685
5011827;2023-12-30 06:20:00;;;;;95.0;22.0;3;SE;10.0;Siempat Nempuhilir;Kab. Dairi;Sumatera Utara;2.87;98.0897
5011828;2023-12-30 06:20:00;;;;;80.0;22.0;3;E;0.0;Silahi Sabungan;Kab. Dairi;Sumatera Utara;2.7986;98.5252
5011829;2023-12-30 06:20:00;;;;;95.0;22.0;60;SE;10.0;Silima Pungga-Pungga;Kab. Dairi;Sumatera Utara;2.8312;98.1425
5011830;2023-12-30 06:20:00;;;;;95.0;22.0;2;SE;10.0;Sitinjo;Kab. Dairi;Sumatera Utara;2.7338;98.3719
5011831;2023-12-30 06:20:00;;;;;80.0;22.0;63;E;0.0;Sumbul;Kab. Dairi;Sumatera Utara;2.7415;98.3992
5011832;2023-12-30 06:20:00;;;;;95.0;22.0;60;SE;10.0;Tiga Lingga;Kab. Dairi;Sumatera Utara;2.9161;98.2166
5011833;2023-12-30 06:20:00;;;;;80.0;29.0;1;NW;0.0;Bangun Purba;Kab. Deli Serdang;Sumatera Utara;3.3751;98.8158
5011834;2023-12-30 06:20:00;;;;;85.0;29.0;1;NW;10.0;Batang Kuis;Kab. Deli Serdang;Sumatera Utara;3.6134;98.8008
5011835;2023-12-30 06:20:00;;;;;85.0;29.0;2;NW;10.0;Beringin;Kab. Deli Serdang;Sumatera Utara;3.6036;98.8891
5011836;2023-12-30 06:20:00;;;;;85.0;28.0;3;N;0.0;Deli Tua;Kab. Deli Serdang;Sumatera Utara;3.495;98.6828
5011837;2023-12-30 06:20:00;;;;;80.0;29.0;4;NW;0.0;Galang;Kab. Deli Serdang;Sumatera Utara;3.4305;98.9005
5011838;2023-12-30 06:20:00;;;;;85.0;26.0;1;N;0.0;Gunung Meriah;Kab. Deli Serdang;Sumatera Utara;3.1304;98.6985
5011839;2023-12-30 06:20:00;;;;;85.0;32.0;95;N;0.0;Hamparan Perak;Kab. Deli Serdang;Sumatera Utara;3.7067;98.6018
5011840;2023-12-30 06:20:00;;;;;80.0;30.0;60;NW;0.0;Kutalimbaru;Kab. Deli Serdang;Sumatera Utara;3.4413;98.5471
5011841;2023-12-30 06:20:00;;;;;85.0;28.0;2;N;0.0;Namorambe;Kab. Deli Serdang;Sumatera Utara;3.4428;98.6521
5011842;2023-12-30 06:20:00;;;;;85.0;32.0;1;NW;10.0;Pagar Merbau;Kab. Deli Serdang;Sumatera Utara;3.5176;98.9196
5011843;2023-12-30 06:20:00;;;;;80.0;30.0;2;NW;0.0;Pancur Batu;Kab. Deli Serdang;Sumatera Utara;3.4763;98.5976
5011844;2023-12-30 06:20:00;;;;;85.0;29.0;2;NW;10.0;Pantai Labu;Kab. Deli Serdang;Sumatera Utara;3.6765;98.8533
5011845;2023-12-30 06:20:00;;;;;85.0;28.0;1;N;0.0;Patumbak;Kab. Deli Serdang;Sumatera Utara;3.5029;98.7143
5011846;2023-12-30 06:20:00;;;;;85.0;32.0;4;N;0.0;Percut Sei Tuan;Kab. Deli Serdang;Sumatera Utara;3.6637;98.73
5011847;2023-12-30 06:20:00;;;;;85.0;28.0;3;N;0.0;Sibiru-Biru;Kab. Deli Serdang;Sumatera Utara;3.3692;98.665
5011848;2023-12-30 06:20:00;;;;;85.0;22.0;1;NE;10.0;Sibolangit;Kab. Deli Serdang;Sumatera Utara;3.2675;98.5468
5011849;2023-12-30 06:20:00;;;;;85.0;28.0;2;N;0.0;Stm Hilir;Kab. Deli Serdang;Sumatera Utara;3.3809;98.715
5011850;2023-12-30 06:20:00;;;;;85.0;28.0;95;N;0.0;Stm Hulu;Kab. Deli Serdang;Sumatera Utara;3.2637;98.7139
5011851;2023-12-30 06:20:00;;;;;80.0;30.0;1;NW;0.0;Sunggal;Kab. Deli Serdang;Sumatera Utara;3.516162;98.526077
5011852;2023-12-30 06:20:00;;;;;85.0;29.0;2;NW;10.0;Tanjung Morawa;Kab. Deli Serdang;Sumatera Utara;3.5166;98.7921
5011853;2023-12-30 06:20:00;;;;;85.0;27.0;2;N;0.0;Gunungsitoli;Kota Gunung Sitoli;Sumatera Utara;1.2527;97.6196
5011854;2023-12-30 06:20:00;;;;;85.0;27.0;4;N;0.0;Gunungsitoli Alo'oa;Kota Gunung Sitoli;Sumatera Utara;1.3077;97.5331
5011855;2023-12-30 06:20:00;;;;;85.0;28.0;60;N;0.0;Gunungsitoli Idanoi;Kota Gunung Sitoli;Sumatera Utara;1.1663;97.7067
5011856;2023-12-30 06:20:00;;;;;85.0;27.0;60;N;0.0;Gunungsitoli Selatan;Kota Gunung Sitoli;Sumatera Utara;1.224;97.6527
5011857;2023-12-30 06:20:00;;;;;85.0;27.0;95;N;0.0;Gunungsitoli Utara;Kota Gunung Sitoli;Sumatera Utara;1.375;97.5419
5011858;2023-12-30 06:20:00;;;;;80.0;23.0;3;E;0.0;Baktiraja;Kab. Humbang Hasundutan;Sumatera Utara;2.3001;98.7993
5011859;2023-12-30 06:20:00;;;;;80.0;23.0;1;E;0.0;Lintong Nihuta;Kab. Humbang Hasundutan;Sumatera Utara;2.2204;98.8607
5011860;2023-12-30 06:20:00;;;;;100.0;21.0;95;N;0.0;Onanganjang;Kab. Humbang Hasundutan;Sumatera Utara;2.151;98.6175
5011861;2023-12-30 06:20:00;;;;;100.0;21.0;1;N;0.0;Pakkat;Kab. Humbang Hasundutan;Sumatera Utara;2.1222;98.5236
5011862;2023-12-30 06:20:00;;;;;80.0;23.0;1;E;0.0;Paranginan;Kab. Humbang Hasundutan;Sumatera Utara;2.2862;98.9305
5011863;2023-12-30 06:20:00;;;;;80.0;23.0;1;E;0.0;Paranginan;Kab. Humbang Hasundutan;Sumatera Utara;2.2862;98.9305
5011864;2023-12-30 06:20:00;;;;;100.0;20.0;4;W;0.0;Parlilitan;Kab. Humbang Hasundutan;Sumatera Utara;2.2375;98.5416
5011865;2023-12-30 06:20:00;;;;;85.0;23.0;95;N;0.0;Pollung;Kab. Humbang Hasundutan;Sumatera Utara;2.3428;98.7392
5011866;2023-12-30 06:20:00;;;;;100.0;21.0;3;N;0.0;Sijamapolang;Kab. Humbang Hasundutan;Sumatera Utara;2.0751;98.6566
5011867;2023-12-30 06:20:00;;;;;100.0;20.0;2;W;0.0;Tarabintang;Kab. Humbang Hasundutan;Sumatera Utara;2.2525;98.4123
5011868;2023-12-30 06:20:00;;;;;75.0;23.0;3;N;0.0;Barusjahe;Kab. Karo;Sumatera Utara;3.1143;98.5804
5011869;2023-12-30 06:20:00;;;;;85.0;22.0;4;NE;10.0;Berastagi;Kab. Karo;Sumatera Utara;3.1952;98.5069
5011870;2023-12-30 06:20:00;;;;;85.0;22.0;1;NE;10.0;Dolat Rakyat;Kab. Karo;Sumatera Utara;3.1995;98.5317
5011871;2023-12-30 06:20:00;;;;;95.0;22.0;2;SE;10.0;Juhar;Kab. Karo;Sumatera Utara;3.0171;98.2845
5011872;2023-12-30 06:20:00;;;;;90.0;22.0;1;W;0.0;Kutabuluh;Kab. Karo;Sumatera Utara;3.1721;98.277
5011873;2023-12-30 06:20:00;;;;;85.0;26.0;4;S;10.0;Laubaleng;Kab. Karo;Sumatera Utara;3.152857;98.032379
5011874;2023-12-30 06:20:00;;;;;85.0;26.0;4;S;10.0;Mardingding;Kab. Karo;Sumatera Utara;3.2259;98.0095
5011875;2023-12-30 06:20:00;;;;;85.0;22.0;1;NE;10.0;Merdeka;Kab. Karo;Sumatera Utara;3.1942;98.4934
5011876;2023-12-30 06:20:00;;;;;75.0;23.0;1;N;0.0;Merek;Kab. Karo;Sumatera Utara;2.947;98.528
5011877;2023-12-30 06:20:00;;;;;90.0;22.0;2;W;0.0;Munte;Kab. Karo;Sumatera Utara;3.0748;98.347
5011878;2023-12-30 06:20:00;;;;;90.0;22.0;2;W;0.0;Naman Teran;Kab. Karo;Sumatera Utara;3.1883;98.4362
5011879;2023-12-30 06:20:00;;;;;90.0;22.0;1;W;0.0;Payung;Kab. Karo;Sumatera Utara;3.1228;98.3841
5011880;2023-12-30 06:20:00;;;;;95.0;22.0;95;SE;10.0;Tiga Binanga;Kab. Karo;Sumatera Utara;3.075;98.193
5011881;2023-12-30 06:20:00;;;;;75.0;23.0;60;N;0.0;Tiga Panah;Kab. Karo;Sumatera Utara;3.0776;98.5245
5011882;2023-12-30 06:20:00;;;;;90.0;22.0;61;W;0.0;Tiganderket;Kab. Karo;Sumatera Utara;3.1354;98.3581
5011883;2023-12-30 06:20:00;;;;;90.0;32.0;4;N;0.0;Bilah Barat;Kab. Labuhanbatu;Sumatera Utara;2.1418;99.7989
5011884;2023-12-30 06:20:00;;;;;75.0;32.0;4;NE;0.0;Bilah Hulu;Kab. Labuhanbatu;Sumatera Utara;2.0638;99.9526
5011885;2023-12-30 06:20:00;;;;;75.0;32.0;2;N;0.0;Bilah Hilir;Kab. Labuhanbatu;Sumatera Utara;2.4078;100.1059
5011886;2023-12-30 06:20:00;;;;;75.0;32.0;2;N;0.0;Panai Hilir;Kab. Labuhanbatu;Sumatera Utara;2.6268;100.1284
5011887;2023-12-30 06:20:00;;;;;75.0;32.0;1;N;0.0;Panai Hulu;Kab. Labuhanbatu;Sumatera Utara;2.5042;100.1509
5011888;2023-12-30 06:20:00;;;;;75.0;32.0;60;N;0.0;Panai Tengah;Kab. Labuhanbatu;Sumatera Utara;2.5172;100.1706
5011889;2023-12-30 06:20:00;;;;;80.0;32.0;3;N;0.0;Pangkatan;Kab. Labuhanbatu;Sumatera Utara;2.15;99.9908
5011890;2023-12-30 06:20:00;;;;;75.0;32.0;1;NE;0.0;Kampungrakyat;Kab. Labuhanbatu Selatan;Sumatera Utara;2.0545;100.1421
5011891;2023-12-30 06:20:00;;;;;70.0;30.0;3;NE;0.0;Silangkitang;Kab. Labuhanbatu Selatan;Sumatera Utara;1.854;99.902
5011892;2023-12-30 06:20:00;;;;;70.0;30.0;95;NE;0.0;Sungaikanan;Kab. Labuhanbatu Selatan;Sumatera Utara;1.7275;99.9616
5011893;2023-12-30 06:20:00;;;;;70.0;30.0;4;NE;0.0;Torgamba;Kab. Labuhanbatu Selatan;Sumatera Utara;1.7818;100.2186
5011894;2023-12-30 06:20:00;;;;;90.0;32.0;2;N;0.0;Aek Kuo;Kab. Labuhanbatu Utara;Sumatera Utara;2.3794;99.8946
5011895;2023-12-30 06:20:00;;;;;75.0;32.0;61;N;0.0;Kualuh Hilir;Kab. Labuhanbatu Utara;Sumatera Utara;2.585;100.0142
5011896;2023-12-30 06:20:00;;;;;75.0;32.0;63;N;0.0;Kualuh Hulu;Kab. Labuhanbatu Utara;Sumatera Utara;2.5688;99.6516
5011897;2023-12-30 06:20:00;;;;;85.0;32.0;63;NE;0.0;Kualuh Leidong;Kab. Labuhanbatu Utara;Sumatera Utara;2.7542;99.9788
5011898;2023-12-30 06:20:00;;;;;90.0;32.0;3;N;0.0;Merbau;Kab. Labuhanbatu Utara;Sumatera Utara;2.2606;99.8277
5011899;2023-12-30 06:20:00;;;;;90.0;32.0;3;N;0.0;Na Ix-X;Kab. Labuhanbatu Utara;Sumatera Utara;2.283;99.7575
5011900;2023-12-30 06:20:00;;;;;80.0;26.0;2;NE;0.0;Bahorok;Kab. Langkat;Sumatera Utara;3.5014;98.1851
5011901;2023-12-30 06:20:00;;;;;75.0;30.0;60;N;0.0;Batang Serangan;Kab. Langkat;Sumatera Utara;3.7569;98.2572
5011902;2023-12-30 06:20:00;;;;;80.0;32.0;4;N;0.0;Besitang;Kab. Langkat;Sumatera Utara;4.0436;98.1667
5011903;2023-12-30 06:20:00;;;;;80.0;29.0;2;NW;0.0;Binjai;Kota Binjai;Sumatera Utara;3.6776;98.4458
5011904;2023-12-30 06:20:00;;;;;80.0;32.0;1;N;0.0;Brandan Barat;Kab. Langkat;Sumatera Utara;3.9966;98.2354
5011905;2023-12-30 06:20:00;;;;;80.0;32.0;4;N;0.0;Gebang;Kab. Langkat;Sumatera Utara;3.9567;98.3667
5011906;2023-12-30 06:20:00;;;;;75.0;30.0;63;N;0.0;Hinai;Kab. Langkat;Sumatera Utara;3.828;98.4242
5011907;2023-12-30 06:20:00;;;;;80.0;29.0;60;NW;0.0;Kuala;Kab. Langkat;Sumatera Utara;3.5283;98.4
5011908;2023-12-30 06:20:00;;;;;80.0;26.0;60;NE;0.0;Kutambaru;Kab. Langkat;Sumatera Utara;3.4048;98.2285
5011909;2023-12-30 06:20:00;;;;;75.0;30.0;3;N;0.0;Padang Tualang;Kab. Langkat;Sumatera Utara;3.8333;98.3306
5011910;2023-12-30 06:20:00;;;;;80.0;32.0;1;N;0.0;Pangkalan Brandan;Kab. Langkat;Sumatera Utara;4.024;98.287
5011911;2023-12-30 06:20:00;;;;;80.0;32.0;2;N;0.0;Pangkalan Susu;Kab. Langkat;Sumatera Utara;4.1155;98.217
5011912;2023-12-30 06:20:00;;;;;80.0;29.0;60;E;0.0;Pematang Jaya;Kab. Langkat;Sumatera Utara;4.2152;98.1628
5011913;2023-12-30 06:20:00;;;;;80.0;26.0;63;NE;0.0;Salapian;Kab. Langkat;Sumatera Utara;3.4833;98.3
5011914;2023-12-30 06:20:00;;;;;75.0;30.0;2;N;0.0;Sawit Sebrang;Kab. Langkat;Sumatera Utara;3.7993;98.2785
5011915;2023-12-30 06:20:00;;;;;75.0;30.0;4;N;0.0;Secanggang;Kab. Langkat;Sumatera Utara;3.85;98.4733
5011916;2023-12-30 06:20:00;;;;;80.0;30.0;61;NW;0.0;Sei Bingei;Kab. Langkat;Sumatera Utara;3.4833;98.4567
5011917;2023-12-30 06:20:00;;;;;80.0;32.0;1;N;0.0;Sei Lepan;Kab. Langkat;Sumatera Utara;4.0089;98.2575
5011918;2023-12-30 06:20:00;;;;;80.0;29.0;60;NW;0.0;Selesai;Kab. Langkat;Sumatera Utara;3.6097;98.414
5011919;2023-12-30 06:20:00;;;;;80.0;29.0;2;NW;0.0;Sirapit;Kab. Langkat;Sumatera Utara;3.5755;98.3527
5011920;2023-12-30 06:20:00;;;;;75.0;30.0;1;N;0.0;Tanjung Pura;Kab. Langkat;Sumatera Utara;3.9;98.4283
5011921;2023-12-30 06:20:00;;;;;75.0;30.0;2;N;0.0;Wampu;Kab. Langkat;Sumatera Utara;3.7325;98.3811
5011922;2023-12-30 06:20:00;;;;;100.0;21.0;4;N;0.0;Bantang Natal;Kab. Mandailing Natal;Sumatera Utara;0.693;99.367
5011923;2023-12-30 06:20:00;;;;;85.0;32.0;1;W;10.0;Batahara;Kab. Mandailing Natal;Sumatera Utara;0.4028;99.1399
5011924;2023-12-30 06:20:00;;;;;80.0;29.0;4;S;0.0;Bukit Malintang;Kab. Mandailing Natal;Sumatera Utara;0.9586;99.523
5011925;2023-12-30 06:20:00;;;;;100.0;21.0;3;N;0.0;Huta Bargot;Kab. Mandailing Natal;Sumatera Utara;0.8736;99.5174
5011926;2023-12-30 06:20:00;;;;;90.0;22.0;4;SW;0.0;Kotanopan;Kab. Mandailing Natal;Sumatera Utara;0.665;99.694
5011927;2023-12-30 06:20:00;;;;;90.0;22.0;4;SW;0.0;Lembah Sorik Marapi;Kab. Mandailing Natal;Sumatera Utara;0.7313;99.6014
5011928;2023-12-30 06:20:00;;;;;100.0;21.0;2;N;0.0;Lingga Bayu;Kab. Mandailing Natal;Sumatera Utara;0.6174;99.2938
5011929;2023-12-30 06:20:00;;;;;85.0;32.0;2;W;10.0;Muara Batang Gadis;Kab. Mandailing Natal;Sumatera Utara;1.0623;98.9297
5011930;2023-12-30 06:20:00;;;;;90.0;22.0;2;SW;0.0;Muarasipongi;Kab. Mandailing Natal;Sumatera Utara;0.6214;99.8508
5011931;2023-12-30 06:20:00;;;;;100.0;21.0;60;N;0.0;Naga Juang;Kab. Mandailing Natal;Sumatera Utara;0.9281;99.4867
5011932;2023-12-30 06:20:00;;;;;85.0;32.0;3;W;10.0;Natal;Kab. Mandailing Natal;Sumatera Utara;0.555;99.1116
5011933;2023-12-30 06:20:00;;;;;85.0;25.0;3;NE;0.0;Pakanta;Kab. Mandailing Natal;Sumatera Utara;0.5457;99.8927
5011934;2023-12-30 06:20:00;;;;;100.0;21.0;2;N;0.0;Panyabungan Barat;Kab. Mandailing Natal;Sumatera Utara;0.8239;99.5185
5011935;2023-12-30 06:20:00;;;;;100.0;21.0;2;N;0.0;Panyabungan Selatan;Kab. Mandailing Natal;Sumatera Utara;0.7411;99.5539
5011936;2023-12-30 06:20:00;;;;;90.0;22.0;4;SW;0.0;Panyabungan Timur;Kab. Mandailing Natal;Sumatera Utara;0.8003;99.6466
5011937;2023-12-30 06:20:00;;;;;100.0;21.0;2;N;0.0;Panyabungan Utara;Kab. Mandailing Natal;Sumatera Utara;0.9141;99.5305
5011938;2023-12-30 06:20:00;;;;;100.0;21.0;3;N;0.0;Penyabungan;Kab. Mandailing Natal;Sumatera Utara;0.867;99.572
5011939;2023-12-30 06:20:00;;;;;90.0;22.0;1;SW;0.0;Puncak Sorik Marapi;Kab. Mandailing Natal;Sumatera Utara;0.7061;99.5888
5011940;2023-12-30 06:20:00;;;;;100.0;21.0;2;N;0.0;Ranto Baek;Kab. Mandailing Natal;Sumatera Utara;0.5159;99.4072
5011941;2023-12-30 06:20:00;;;;;80.0;29.0;1;S;0.0;Siabu;Kab. Mandailing Natal;Sumatera Utara;1.0155;99.495
5011942;2023-12-30 06:20:00;;;;;85.0;32.0;60;W;10.0;Sinunuka;Kab. Mandailing Natal;Sumatera Utara;0.4915;99.2263
5011943;2023-12-30 06:20:00;;;;;90.0;22.0;63;SW;0.0;Tambangan;Kab. Mandailing Natal;Sumatera Utara;0.7253;99.6346
5011944;2023-12-30 06:20:00;;;;;90.0;22.0;4;SW;0.0;Ulu Pungkut;Kab. Mandailing Natal;Sumatera Utara;0.5417;99.7659
5011945;2023-12-30 06:20:00;;;;;85.0;32.0;2;N;0.0;Medan Amplas;Kota Medan;Sumatera Utara;3.5436;98.7065
5011946;2023-12-30 06:20:00;;;;;85.0;32.0;4;N;0.0;Medan Area;Kota Medan;Sumatera Utara;3.579;98.6985
5011947;2023-12-30 06:20:00;;;;;85.0;32.0;2;N;0.0;Medan Baru;Kota Medan;Sumatera Utara;3.5534;98.6583
5011948;2023-12-30 06:20:00;;;;;90.0;32.0;61;N;0.0;Medan Belawan;Kota Medan;Sumatera Utara;3.848498;98.694992
5011949;2023-12-30 06:20:00;;;;;85.0;32.0;1;N;0.0;Medan Deli;Kota Medan;Sumatera Utara;3.632;98.6608
5011950;2023-12-30 06:20:00;;;;;85.0;32.0;60;N;0.0;Medan Denai;Kota Medan;Sumatera Utara;3.5757;98.7154
5011951;2023-12-30 06:20:00;;;;;85.0;32.0;60;N;0.0;Medan Helvetia;Kota Medan;Sumatera Utara;3.6067;98.6294
5011952;2023-12-30 06:20:00;;;;;85.0;32.0;3;N;0.0;Medan Johor;Kota Medan;Sumatera Utara;3.5357;98.6769
5011953;2023-12-30 06:20:00;;;;;85.0;32.0;61;N;0.0;Medan Kota;Kota Medan;Sumatera Utara;3.585381;98.687439
5011954;2023-12-30 06:20:00;;;;;85.0;32.0;3;N;0.0;Medan Labuhan;Kota Medan;Sumatera Utara;3.7144;98.6801
5011955;2023-12-30 06:20:00;;;;;85.0;32.0;4;N;0.0;Medan Maimun;Kota Medan;Sumatera Utara;3.5777;98.68
5011956;2023-12-30 06:20:00;;;;;85.0;32.0;3;N;0.0;Medan Marelan;Kota Medan;Sumatera Utara;3.7112;98.6472
5011957;2023-12-30 06:20:00;;;;;85.0;32.0;4;N;0.0;Medan Perjuangan;Kota Medan;Sumatera Utara;3.6151;98.6879
5011958;2023-12-30 06:20:00;;;;;85.0;32.0;3;N;0.0;Medan Petisah;Kota Medan;Sumatera Utara;3.5851;98.6614
5011959;2023-12-30 06:20:00;;;;;85.0;32.0;1;N;0.0;Medan Polonia;Kota Medan;Sumatera Utara;3.5553;98.6827
5011960;2023-12-30 06:20:00;;;;;85.0;32.0;1;N;0.0;Medan Selayang;Kota Medan;Sumatera Utara;3.5516;98.6431
5011961;2023-12-30 06:20:00;;;;;85.0;32.0;1;N;0.0;Medan Sunggal;Kota Medan;Sumatera Utara;3.5819;98.6153
5011962;2023-12-30 06:20:00;;;;;85.0;32.0;4;N;0.0;Medan Tembung;Kota Medan;Sumatera Utara;3.5994;98.7225
5011963;2023-12-30 06:20:00;;;;;85.0;32.0;2;N;0.0;Medan Timur;Kota Medan;Sumatera Utara;3.6023;98.6826
5011964;2023-12-30 06:20:00;;;;;80.0;30.0;2;NW;0.0;Medan Tuntungan;Kota Medan;Sumatera Utara;3.5172;98.6164
5011965;2023-12-30 06:20:00;;;;;90.0;26.0;3;N;0.0;Bawolato;Kab. Nias;Sumatera Utara;0.918;97.875
5011966;2023-12-30 06:20:00;;;;;85.0;27.0;60;N;0.0;Botomuzoi;Kab. Nias;Sumatera Utara;1.1784;97.5431
5011967;2023-12-30 06:20:00;;;;;85.0;27.0;3;N;0.0;Hili Serangkai;Kab. Nias;Sumatera Utara;1.1984;97.5666
5011968;2023-12-30 06:20:00;;;;;85.0;27.0;63;N;0.0;Hiliduho;Kab. Nias;Sumatera Utara;1.2491;97.5347
5011969;2023-12-30 06:20:00;;;;;85.0;28.0;2;N;0.0;Ma'u;Kab. Nias;Sumatera Utara;1.0588;97.6398
5011970;2023-12-30 06:20:00;;;;;85.0;28.0;63;N;0.0;Somolo-Molo;Kab. Nias;Sumatera Utara;1.0424;97.707
5011971;2023-12-30 06:20:00;;;;;90.0;26.0;2;N;0.0;Ulugawo;Kab. Nias;Sumatera Utara;0.9871;97.713
5011973;2023-12-30 06:20:00;;;;;80.0;28.0;2;SW;10.0;Lolofitu Moi;Kab. Nias Barat;Sumatera Utara;1.0857;97.5757
5011974;2023-12-30 06:20:00;;;;;80.0;28.0;61;SW;10.0;Mandrehe;Kab. Nias Barat;Sumatera Utara;1.0609;97.5144
5011975;2023-12-30 06:20:00;;;;;80.0;28.0;61;SW;10.0;Mandrehe Barat;Kab. Nias Barat;Sumatera Utara;1.0236;97.4499
5011976;2023-12-30 06:20:00;;;;;80.0;28.0;4;SW;10.0;Mandrehe Utara;Kab. Nias Barat;Sumatera Utara;1.1247;97.5034
5011977;2023-12-30 06:20:00;;;;;80.0;28.0;3;SW;10.0;Moro'o;Kab. Nias Barat;Sumatera Utara;1.0856;97.4338
5011978;2023-12-30 06:20:00;;;;;85.0;27.0;63;W;10.0;Sirombu;Kab. Nias Barat;Sumatera Utara;0.950274;97.403412
5011979;2023-12-30 06:20:00;;;;;80.0;28.0;1;SW;10.0;Ulu Moro'o;Kab. Nias Barat;Sumatera Utara;1.0301;97.5462
5011980;2023-12-30 06:20:00;;;;;85.0;28.0;3;N;0.0;Gido;Kab. Nias;Sumatera Utara;1.083;97.7486
5011981;2023-12-30 06:20:00;;;;;90.0;27.0;2;W;10.0;Amandraya;Kab. Nias Selatan;Sumatera Utara;0.7246;97.6978
5011982;2023-12-30 06:20:00;;;;;90.0;27.0;3;W;10.0;Aramo;Kab. Nias Selatan;Sumatera Utara;0.7367;97.7879
5011983;2023-12-30 06:20:00;;;;;90.0;27.0;2;W;10.0;Fanayama;Kab. Nias Selatan;Sumatera Utara;0.6095;97.7581
5011984;2023-12-30 06:20:00;;;;;90.0;26.0;3;N;0.0;Gomo;Kab. Nias Selatan;Sumatera Utara;0.8563;97.8067
5011985;2023-12-30 06:20:00;;;;;85.0;28.0;95;W;0.0;Hibala;Kab. Nias Selatan;Sumatera Utara;-0.513;98.482
5011986;2023-12-30 06:20:00;;;;;90.0;26.0;61;N;0.0;Hilimegai;Kab. Nias Selatan;Sumatera Utara;0.9044;97.6252
5011987;2023-12-30 06:20:00;;;;;90.0;27.0;61;W;10.0;Lahusa;Kab. Nias Selatan;Sumatera Utara;0.7551;97.8765
5011988;2023-12-30 06:20:00;;;;;90.0;26.0;61;N;0.0;Lolomatua;Kab. Nias Selatan;Sumatera Utara;0.9311;97.6419
5011989;2023-12-30 06:20:00;;;;;80.0;28.0;2;SW;10.0;Lolowa'u;Kab. Nias Selatan;Sumatera Utara;0.903;97.5831
5011990;2023-12-30 06:20:00;;;;;90.0;27.0;2;W;10.0;Manimolo;Kab. Nias Selatan;Sumatera Utara;0.6463;97.7422
5011991;2023-12-30 06:20:00;;;;;90.0;27.0;4;W;10.0;Mazino;Kab. Nias Selatan;Sumatera Utara;0.6922;97.863
5011992;2023-12-30 06:20:00;;;;;90.0;26.0;61;N;0.0;Mazo;Kab. Nias Selatan;Sumatera Utara;0.8214;97.7767
5011993;2023-12-30 06:20:00;;;;;90.0;27.0;63;NW;10.0;Pulau-Pulau Batu;Kab. Nias Selatan;Sumatera Utara;-0.0514;98.282
5011994;2023-12-30 06:20:00;;;;;85.0;27.0;95;NW;10.0;Pulau-Pulau Batu Timur;Kab. Nias Selatan;Sumatera Utara;0.0758;98.7339
5011995;2023-12-30 06:20:00;;;;;90.0;26.0;95;N;0.0;Susua;Kab. Nias Selatan;Sumatera Utara;0.7781;97.7659
5011996;2023-12-30 06:20:00;;;;;90.0;27.0;2;W;10.0;Teluk Dalam;Kab. Nias Selatan;Sumatera Utara;0.5742;97.8143
5011997;2023-12-30 06:20:00;;;;;90.0;27.0;1;W;10.0;Toma;Kab. Nias Selatan;Sumatera Utara;0.6139;97.8885
5011998;2023-12-30 06:20:00;;;;;90.0;26.0;60;N;0.0;Umbuasi;Kab. Nias Selatan;Sumatera Utara;0.8988;97.7451
5011999;2023-12-30 06:20:00;;;;;80.0;28.0;4;NW;0.0;Afulu;Kab. Nias Utara;Sumatera Utara;1.2646;97.2507
5012000;2023-12-30 06:20:00;;;;;80.0;28.0;1;NW;0.0;Alasa;Kab. Nias Utara;Sumatera Utara;1.2356;97.4041
5012001;2023-12-30 06:20:00;;;;;80.0;28.0;1;NW;0.0;Alasa Taluuzoi;Kab. Nias Utara;Sumatera Utara;1.2535;97.4769
5012002;2023-12-30 06:20:00;;;;;85.0;28.0;63;N;0.0;Lahewa;Kab. Nias Utara;Sumatera Utara;1.3951;97.1671
5012003;2023-12-30 06:20:00;;;;;85.0;28.0;2;N;0.0;Lahewa Timur;Kab. Nias Utara;Sumatera Utara;1.3487;97.313
5012004;2023-12-30 06:20:00;;;;;85.0;28.0;63;N;0.0;Lotu;Kab. Nias Utara;Sumatera Utara;1.3797;97.3554
5012005;2023-12-30 06:20:00;;;;;80.0;28.0;1;NW;0.0;Namohalu Esiwa;Kab. Nias Utara;Sumatera Utara;1.3198;97.4211
5012006;2023-12-30 06:20:00;;;;;85.0;28.0;3;N;0.0;Sawo;Kab. Nias Utara;Sumatera Utara;1.4877;97.4051
5012007;2023-12-30 06:20:00;;;;;85.0;28.0;1;N;0.0;Sitolu Ori;Kab. Nias Utara;Sumatera Utara;1.3907;97.4789
5012008;2023-12-30 06:20:00;;;;;80.0;28.0;1;SW;10.0;Tugala Oyo;Kab. Nias Utara;Sumatera Utara;1.1113;97.4169
5012009;2023-12-30 06:20:00;;;;;85.0;28.0;3;N;0.0;Tuhemberua;Kab. Nias Utara;Sumatera Utara;1.4683;97.4428
5012010;2023-12-30 06:20:00;;;;;75.0;28.0;2;NE;10.0; Psp Tenggara;Kota Padang Sidempuan;Sumatera Utara;1.3259;99.317
5012011;2023-12-30 06:20:00;;;;;90.0;23.0;1;NE;0.0;Batu Nadua;Kota Padang Sidempuan;Sumatera Utara;1.3998;99.3038
5012012;2023-12-30 06:20:00;;;;;90.0;23.0;1;NE;0.0;Hutaimbaru;Kota Padang Sidempuan;Sumatera Utara;1.4053;99.2414
5012013;2023-12-30 06:20:00;;;;;90.0;23.0;1;NE;0.0;Psp Angkola Julu;Kota Padang Sidempuan;Sumatera Utara;1.4542;99.2582
5012014;2023-12-30 06:20:00;;;;;90.0;23.0;4;NE;0.0;Psp Utara;Kota Padang Sidempuan;Sumatera Utara;1.3782;99.2711
5012015;2023-12-30 06:20:00;;;;;70.0;30.0;4;E;10.0;Barumun Tengah;Kab. Padanglawas;Sumatera Utara;1.3205;99.7573
5012016;2023-12-30 06:20:00;;;;;85.0;25.0;3;NE;0.0;Batang Lubu Sutam;Kab. Padanglawas;Sumatera Utara;0.8839;100.0224
5012017;2023-12-30 06:20:00;;;;;70.0;30.0;1;E;10.0;Huristak;Kab. Padanglawas;Sumatera Utara;1.4902;99.8628
5012018;2023-12-30 06:20:00;;;;;80.0;28.0;2;E;0.0;Huta Raja Tinggi;Kab. Padanglawas;Sumatera Utara;1.0587;100.0641
5012019;2023-12-30 06:20:00;;;;;80.0;29.0;63;S;0.0;Lubuk Barumun;Kab. Padanglawas;Sumatera Utara;1.0847;99.7483
5012020;2023-12-30 06:20:00;;;;;80.0;29.0;95;S;0.0;Sosa;Kab. Padanglawas;Sumatera Utara;1.0304;99.9469
5012021;2023-12-30 06:20:00;;;;;80.0;29.0;63;S;0.0;Sosopan;Kab. Padanglawas;Sumatera Utara;1.1822;99.5375
5012022;2023-12-30 06:20:00;;;;;80.0;29.0;2;S;0.0;Ulu Barumun;Kab. Padanglawas;Sumatera Utara;1.0895;99.6346
5012023;2023-12-30 06:20:00;;;;;75.0;28.0;3;NE;10.0;Batang Onan;Kab. Padanglawas Utara;Sumatera Utara;1.3301;99.4596
5012024;2023-12-30 06:20:00;;;;;75.0;27.0;1;NE;0.0;Dolok;Kab. Padanglawas Utara;Sumatera Utara;1.8348;99.6617
5012025;2023-12-30 06:20:00;;;;;75.0;27.0;2;NE;0.0;Dolok Sigompulon;Kab. Padanglawas Utara;Sumatera Utara;1.9232;99.7053
5012026;2023-12-30 06:20:00;;;;;70.0;30.0;61;E;10.0;Halongonan;Kab. Padanglawas Utara;Sumatera Utara;1.5761;99.7224
5012027;2023-12-30 06:20:00;;;;;75.0;28.0;2;NE;10.0;Hulu Siapas;Kab. Padanglawas Utara;Sumatera Utara;1.4071;99.4255
5012028;2023-12-30 06:20:00;;;;;70.0;30.0;2;E;10.0;Padang Bolak;Kab. Padanglawas Utara;Sumatera Utara;1.516;99.639
5012029;2023-12-30 06:20:00;;;;;75.0;28.0;3;NE;10.0;Padang Bolak Julu;Kab. Padanglawas Utara;Sumatera Utara;1.4603;99.4758
5012030;2023-12-30 06:20:00;;;;;70.0;30.0;95;E;10.0;Portibi;Kab. Padanglawas Utara;Sumatera Utara;1.4168;99.6946
5012031;2023-12-30 06:20:00;;;;;70.0;30.0;1;NE;0.0;Simangambat;Kab. Padanglawas Utara;Sumatera Utara;1.5205;99.9738
5012032;2023-12-30 06:20:00;;;;;95.0;23.0;3;N;0.0;Kerajaan;Kab. Pak-Pak Bharat;Sumatera Utara;2.6486;98.3027
5012033;2023-12-30 06:20:00;;;;;90.0;26.0;60;SW;0.0;Pagindar;Kab. Pak-Pak Bharat;Sumatera Utara;2.4851;98.123
5012034;2023-12-30 06:20:00;;;;;95.0;23.0;63;N;0.0;Pergetteng-Getteng Sengkut;Kab. Pak-Pak Bharat;Sumatera Utara;2.5567;98.2926
5012035;2023-12-30 06:20:00;;;;;95.0;23.0;2;N;0.0;Siempat Rube;Kab. Pak-Pak Bharat;Sumatera Utara;2.5744;98.3527
5012036;2023-12-30 06:20:00;;;;;95.0;23.0;3;N;0.0;Sitellu Tali Urang Julu;Kab. Pak-Pak Bharat;Sumatera Utara;2.5045;98.3663
5012037;2023-12-30 06:20:00;;;;;95.0;23.0;60;N;0.0;Tinada;Kab. Pak-Pak Bharat;Sumatera Utara;2.5958;98.3227
5012038;2023-12-30 06:20:00;;;;;85.0;25.0;3;NE;10.0;Siantar Barat;Kota Pematang Siantar;Sumatera Utara;2.9501;99.0474
5012039;2023-12-30 06:20:00;;;;;85.0;25.0;1;NE;10.0;Siantar Marihat;Kota Pematang Siantar;Sumatera Utara;2.9468;99.0938
5012040;2023-12-30 06:20:00;;;;;85.0;25.0;2;NE;10.0;Siantar Marimbun;Kota Pematang Siantar;Sumatera Utara;2.9297;99.0595
5012041;2023-12-30 06:20:00;;;;;85.0;25.0;4;NE;10.0;Siantar Martoba;Kota Pematang Siantar;Sumatera Utara;2.9855;99.0644
5012042;2023-12-30 06:20:00;;;;;85.0;25.0;2;NE;10.0;Siantar Selatan;Kota Pematang Siantar;Sumatera Utara;2.9454;99.0666
5012043;2023-12-30 06:20:00;;;;;85.0;25.0;1;NE;10.0;Siantar Sitalasari;Kota Pematang Siantar;Sumatera Utara;2.96;99.0453
5012044;2023-12-30 06:20:00;;;;;85.0;25.0;2;NE;10.0;Siantar Timur;Kota Pematang Siantar;Sumatera Utara;2.955;99.0807
5012045;2023-12-30 06:20:00;;;;;90.0;20.0;2;N;0.0;Harian;Kab. Samosir;Sumatera Utara;2.5508;98.666
5012046;2023-12-30 06:20:00;;;;;85.0;23.0;60;N;0.0;Nainggolan;Kab. Samosir;Sumatera Utara;2.4346;98.8823
5012047;2023-12-30 06:20:00;;;;;85.0;23.0;1;N;0.0;Onan Runggu;Kab. Samosir;Sumatera Utara;2.4549;98.9774
5012048;2023-12-30 06:20:00;;;;;85.0;23.0;3;N;0.0;Palipi;Kab. Samosir;Sumatera Utara;2.4684;98.8027
5012049;2023-12-30 06:20:00;;;;;90.0;21.0;95;N;0.0;Ronggur Nihuta;Kab. Samosir;Sumatera Utara;2.5913;98.7781
5012050;2023-12-30 06:20:00;;;;;85.0;21.0;2;N;0.0;Sianjur Mula-Mula;Kab. Samosir;Sumatera Utara;2.6027;98.6315
5012051;2023-12-30 06:20:00;;;;;85.0;21.0;60;N;0.0;Sianjur Mula-Mula;Kab. Samosir;Sumatera Utara;2.6027;98.6315
5012052;2023-12-30 06:20:00;;;;;90.0;21.0;60;N;0.0;Simanindo;Kab. Samosir;Sumatera Utara;2.6787;98.8315
5012053;2023-12-30 06:20:00;;;;;85.0;23.0;3;N;0.0;Sitio-Tio;Kab. Samosir;Sumatera Utara;2.4368;98.7833
5012054;2023-12-30 06:20:00;;;;;85.0;32.0;2;N;0.0;Bandar Khalipah;Kab. Serdang Bedagai;Sumatera Utara;3.4364;99.2791
5012055;2023-12-30 06:20:00;;;;;80.0;29.0;63;NW;0.0;Bintang Bayu;Kab. Serdang Bedagai;Sumatera Utara;3.2973;98.9325
5012056;2023-12-30 06:20:00;;;;;85.0;28.0;2;N;0.0;Dolok Masihul;Kab. Serdang Bedagai;Sumatera Utara;3.3382;99.0174
5012057;2023-12-30 06:20:00;;;;;85.0;27.0;61;NE;0.0;Dolok Merawan;Kab. Serdang Bedagai;Sumatera Utara;3.1677;99.1109
5012058;2023-12-30 06:20:00;;;;;80.0;29.0;1;NW;0.0;Kotarih;Kab. Serdang Bedagai;Sumatera Utara;3.3233;98.8599
5012059;2023-12-30 06:20:00;;;;;85.0;32.0;4;NW;10.0;Pantai Cermin;Kab. Serdang Bedagai;Sumatera Utara;3.6411;98.9761
5012060;2023-12-30 06:20:00;;;;;85.0;32.0;1;NW;10.0;Pegajahan;Kab. Serdang Bedagai;Sumatera Utara;3.488;98.9849
5012061;2023-12-30 06:20:00;;;;;85.0;32.0;4;NW;10.0;Perbaungan;Kab. Serdang Bedagai;Sumatera Utara;3.5699;98.9514
5012062;2023-12-30 06:20:00;;;;;85.0;32.0;3;NW;0.0;Sei Bamban;Kab. Serdang Bedagai;Sumatera Utara;3.4404;99.1635
5012063;2023-12-30 06:20:00;;;;;80.0;29.0;4;NW;0.0;Serba Jadi;Kab. Serdang Bedagai;Sumatera Utara;3.3782;98.9321
5012064;2023-12-30 06:20:00;;;;;85.0;26.0;3;N;0.0;Silinda;Kab. Serdang Bedagai;Sumatera Utara;3.2522;98.7971
5012065;2023-12-30 06:20:00;;;;;85.0;27.0;3;NE;0.0;Sipispis;Kab. Serdang Bedagai;Sumatera Utara;3.1596;99.0069
5012066;2023-12-30 06:20:00;;;;;85.0;32.0;4;NW;0.0;Tanjung Beringin;Kab. Serdang Bedagai;Sumatera Utara;3.4919;99.1863
5012067;2023-12-30 06:20:00;;;;;85.0;28.0;2;N;0.0;Tebing Syahbandar;Kab. Serdang Bedagai;Sumatera Utara;3.3422;99.1981
5012068;2023-12-30 06:20:00;;;;;85.0;32.0;2;NW;0.0;Teluk Mengkudu;Kab. Serdang Bedagai;Sumatera Utara;3.5526;99.1241
5012069;2023-12-30 06:20:00;;;;;90.0;32.0;2;NW;0.0;Sibolga Sambas;Kota Sibolga;Sumatera Utara;1.7362;98.7873
5012070;2023-12-30 06:20:00;;;;;90.0;32.0;1;NW;0.0;Sibolga Selatan;Kota Sibolga;Sumatera Utara;1.7289;98.7958
5012071;2023-12-30 06:20:00;;;;;85.0;32.0;1;W;10.0;Sibolga Utara;Kota Sibolga;Sumatera Utara;1.7481;98.7763
5012072;2023-12-30 06:20:00;;;;;80.0;32.0;2;N;0.0;Bandar;Kab. Simalungun;Sumatera Utara;3.162;99.3243
5012073;2023-12-30 06:20:00;;;;;85.0;27.0;3;NE;0.0;Bandar Huluan;Kab. Simalungun;Sumatera Utara;3.1182;99.1735
5012074;2023-12-30 06:20:00;;;;;85.0;32.0;60;N;0.0;Bandar Masilam;Kab. Simalungun;Sumatera Utara;3.2183;99.2783
5012075;2023-12-30 06:20:00;;;;;80.0;32.0;60;N;0.0;Bosar Maligas;Kab. Simalungun;Sumatera Utara;3.0923;99.3831
5012076;2023-12-30 06:20:00;;;;;85.0;27.0;60;NE;0.0;Dolog Batu Nanggar;Kab. Simalungun;Sumatera Utara;3.119;99.1473
5012077;2023-12-30 06:20:00;;;;;85.0;23.0;2;NE;10.0;Dolog Panribuan;Kab. Simalungun;Sumatera Utara;2.8115;99.031
5012078;2023-12-30 06:20:00;;;;;85.0;23.0;2;NE;10.0;Dolog Pardamean;Kab. Simalungun;Sumatera Utara;2.8138;98.793
5012079;2023-12-30 06:20:00;;;;;90.0;23.0;60;NE;10.0;Dolog Silou;Kab. Simalungun;Sumatera Utara;3.0438;98.6881
5012080;2023-12-30 06:20:00;;;;;85.0;25.0;2;NE;10.0;Gunung Malela;Kab. Simalungun;Sumatera Utara;3.0221;99.1671
5012081;2023-12-30 06:20:00;;;;;85.0;25.0;4;NE;10.0;Gunung Maligas;Kab. Simalungun;Sumatera Utara;3.0191;99.1293
5012082;2023-12-30 06:20:00;;;;;75.0;23.0;60;N;0.0;Haranggaol Horison;Kab. Simalungun;Sumatera Utara;2.8845;98.6692
5012083;2023-12-30 06:20:00;;;;;85.0;32.0;63;E;0.0;Hatonduhan;Kab. Simalungun;Sumatera Utara;2.8099;99.1835
5012084;2023-12-30 06:20:00;;;;;85.0;32.0;63;E;0.0;Hutabayu Raja;Kab. Simalungun;Sumatera Utara;2.972;99.2808
5012085;2023-12-30 06:20:00;;;;;85.0;32.0;63;E;0.0;Jawa Maraja Bahjambi;Kab. Simalungun;Sumatera Utara;2.9426;99.2346
5012086;2023-12-30 06:20:00;;;;;85.0;25.0;4;NE;10.0;Jorlang Hataran;Kab. Simalungun;Sumatera Utara;2.8688;99.022
5012087;2023-12-30 06:20:00;;;;;75.0;23.0;60;N;0.0;Pamatang Silimahuta;Kab. Simalungun;Sumatera Utara;2.9382;98.5646
5012088;2023-12-30 06:20:00;;;;;85.0;23.0;2;NE;10.0;Panei;Kab. Simalungun;Sumatera Utara;2.908;98.967
5012089;2023-12-30 06:20:00;;;;;85.0;25.0;4;NE;10.0;Panombeian Panei;Kab. Simalungun;Sumatera Utara;2.9323;98.9943
5012090;2023-12-30 06:20:00;;;;;90.0;21.0;60;N;0.0;Parapat;Kab. Simalungun;Sumatera Utara;2.664;98.937
5012091;2023-12-30 06:20:00;;;;;80.0;32.0;4;N;0.0;Pematang Bandar;Kab. Simalungun;Sumatera Utara;3.1215;99.2406
5012092;2023-12-30 06:20:00;;;;;85.0;23.0;2;NE;10.0;Pematang Sidamanik;Kab. Simalungun;Sumatera Utara;2.8277;98.8484
5012093;2023-12-30 06:20:00;;;;;90.0;23.0;60;NE;10.0;Purba ;Kab. Simalungun;Sumatera Utara;2.8961;98.7223
5012094;2023-12-30 06:20:00;;;;;85.0;27.0;60;NE;0.0;Raya Kahean;Kab. Simalungun;Sumatera Utara;3.1327;98.9303
5012095;2023-12-30 06:20:00;;;;;85.0;25.0;2;NE;10.0;Siantar;Kab. Simalungun;Sumatera Utara;2.9681;99.1111
5012096;2023-12-30 06:20:00;;;;;85.0;23.0;4;NE;10.0;Sidamanik;Kab. Simalungun;Sumatera Utara;2.8582;98.9147
5012097;2023-12-30 06:20:00;;;;;75.0;23.0;4;N;0.0;Silimakuta;Kab. Simalungun;Sumatera Utara;2.9395;98.6114
5012098;2023-12-30 06:20:00;;;;;85.0;26.0;60;N;0.0;Silou Kahean;Kab. Simalungun;Sumatera Utara;3.1755;98.8478
5012099;2023-12-30 06:20:00;;;;;85.0;25.0;95;NE;10.0;Tanah Jawa;Kab. Simalungun;Sumatera Utara;2.8882;99.1763
5012100;2023-12-30 06:20:00;;;;;85.0;25.0;3;NE;10.0;Tapian Dolog;Kab. Simalungun;Sumatera Utara;3.0444;99.0872
5012101;2023-12-30 06:20:00;;;;;85.0;32.0;4;N;0.0;Ujung Padang;Kab. Simalungun;Sumatera Utara;3.0711;99.5441
5012102;2023-12-30 06:20:00;;;;;85.0;32.0;3;NE;0.0;Datuk Bandar;Kota Tanjung Balai;Sumatera Utara;2.9485;99.7746
5012103;2023-12-30 06:20:00;;;;;85.0;32.0;60;NE;0.0;Datuk Bandar Timur;Kota Tanjung Balai;Sumatera Utara;2.9423;99.8157
5012104;2023-12-30 06:20:00;;;;;85.0;32.0;2;NE;0.0;Tanjungbalai Utara;Kota Tanjung Balai;Sumatera Utara;2.9696;99.8003
5012105;2023-12-30 06:20:00;;;;;85.0;32.0;4;NE;0.0;Teluk Nibung;Kota Tanjung Balai;Sumatera Utara;3.008;99.8097
5012106;2023-12-30 06:20:00;;;;;75.0;26.0;1;E;10.0;Aekbilah;Kab. Tapanuli Selatan;Sumatera Utara;1.9378;99.4741
5012107;2023-12-30 06:20:00;;;;;95.0;23.0;63;N;0.0;Angkola Barat;Kab. Tapanuli Selatan;Sumatera Utara;1.4313;99.1668
5012108;2023-12-30 06:20:00;;;;;95.0;23.0;3;N;0.0;Angkola Sangkunur;Kab. Tapanuli Selatan;Sumatera Utara;1.3828;99.0257
5012109;2023-12-30 06:20:00;;;;;90.0;23.0;60;NE;0.0;Angkola Selatan;Kab. Tapanuli Selatan;Sumatera Utara;1.3736;99.2198
5012110;2023-12-30 06:20:00;;;;;90.0;23.0;1;NE;0.0;Angkola Timur;Kab. Tapanuli Selatan;Sumatera Utara;1.4497;99.3087
5012111;2023-12-30 06:20:00;;;;;95.0;21.0;1;S;0.0;Arse;Kab. Tapanuli Selatan;Sumatera Utara;1.6697;99.3079
5012112;2023-12-30 06:20:00;;;;;75.0;28.0;3;NE;10.0;Batangangkola;Kab. Tapanuli Selatan;Sumatera Utara;1.245;99.3442
5012113;2023-12-30 06:20:00;;;;;95.0;23.0;1;N;0.0;Batangtoru;Kab. Tapanuli Selatan;Sumatera Utara;1.4801;99.0668
5012114;2023-12-30 06:20:00;;;;;100.0;22.0;60;SE;0.0;Marancar;Kab. Tapanuli Selatan;Sumatera Utara;1.577712;99.140625
5012115;2023-12-30 06:20:00;;;;;95.0;23.0;1;N;0.0;Muarabatangtoru;Kab. Tapanuli Selatan;Sumatera Utara;1.4502;98.9854
5012116;2023-12-30 06:20:00;;;;;75.0;26.0;60;E;10.0;Saipardolokhole;Kab. Tapanuli Selatan;Sumatera Utara;1.832;99.3724
5012117;2023-12-30 06:20:00;;;;;75.0;28.0;2;NE;10.0;Sayurmatinggi;Kab. Tapanuli Selatan;Sumatera Utara;1.1461;99.4286
5012118;2023-12-30 06:20:00;;;;;75.0;28.0;4;NE;10.0;Tanotombangan Angkola;Kab. Tapanuli Selatan;Sumatera Utara;1.0853;99.4119
5012119;2023-12-30 06:20:00;;;;;85.0;32.0;2;W;10.0;Andam Dewi;Kab. Tapanuli Tengah;Sumatera Utara;2.0575;98.389
5012120;2023-12-30 06:20:00;;;;;85.0;32.0;4;W;10.0;Badiri;Kab. Tapanuli Tengah;Sumatera Utara;1.5936;98.8614
5012121;2023-12-30 06:20:00;;;;;85.0;32.0;2;W;10.0;Barus;Kab. Tapanuli Tengah;Sumatera Utara;2.021;98.396
5012122;2023-12-30 06:20:00;;;;;85.0;32.0;2;W;10.0;Barus Utara;Kab. Tapanuli Tengah;Sumatera Utara;2.0542;98.4095
5012123;2023-12-30 06:20:00;;;;;85.0;32.0;1;W;10.0;Kolang;Kab. Tapanuli Tengah;Sumatera Utara;1.8922;98.6538
5012124;2023-12-30 06:20:00;;;;;85.0;32.0;1;W;10.0;Lumut;Kab. Tapanuli Tengah;Sumatera Utara;1.5245;98.9306
5012125;2023-12-30 06:20:00;;;;;85.0;32.0;1;W;10.0;Manduamas;Kab. Tapanuli Tengah;Sumatera Utara;2.1009;98.2795
5012126;2023-12-30 06:20:00;;;;;100.0;21.0;2;N;0.0;Pasaribu Tobing;Kab. Tapanuli Tengah;Sumatera Utara;1.955;98.6129
5012127;2023-12-30 06:20:00;;;;;85.0;32.0;60;W;10.0;Pinang Sori;Kab. Tapanuli Tengah;Sumatera Utara;1.5634;98.8992
5012128;2023-12-30 06:20:00;;;;;90.0;32.0;2;NW;0.0;Sarudik;Kab. Tapanuli Tengah;Sumatera Utara;1.7294;98.8077
5012129;2023-12-30 06:20:00;;;;;85.0;32.0;2;W;10.0;Sibabangun;Kab. Tapanuli Tengah;Sumatera Utara;1.5047;98.9754
5012130;2023-12-30 06:20:00;;;;;85.0;32.0;1;W;10.0;Sirandorung;Kab. Tapanuli Tengah;Sumatera Utara;2.1246;98.3313
5012131;2023-12-30 06:20:00;;;;;85.0;32.0;3;W;10.0;Sitahuis;Kab. Tapanuli Tengah;Sumatera Utara;1.8202;98.8255
5012132;2023-12-30 06:20:00;;;;;85.0;32.0;61;W;10.0;Sorkam;Kab. Tapanuli Tengah;Sumatera Utara;1.9017;98.5945
5012133;2023-12-30 06:20:00;;;;;85.0;32.0;61;W;10.0;Sorkam Barat;Kab. Tapanuli Tengah;Sumatera Utara;1.9144;98.5836
5012134;2023-12-30 06:20:00;;;;;85.0;32.0;63;W;10.0;Sosorgadong;Kab. Tapanuli Tengah;Sumatera Utara;1.9877;98.4883
5012135;2023-12-30 06:20:00;;;;;85.0;32.0;1;W;10.0;Tapian Nauli;Kab. Tapanuli Tengah;Sumatera Utara;1.7676;98.7559
5012136;2023-12-30 06:20:00;;;;;90.0;32.0;2;NW;0.0;Tukka;Kab. Tapanuli Tengah;Sumatera Utara;1.6557;98.9085
5012137;2023-12-30 06:20:00;;;;;85.0;32.0;60;W;10.0;Adian Koting;Kab. Tapanuli Utara;Sumatera Utara;1.8559;98.8933
5012139;2023-12-30 06:20:00;;;;;75.0;26.0;4;E;10.0;Garoga;Kab. Tapanuli Utara;Sumatera Utara;2.0258;99.3653
5012140;2023-12-30 06:20:00;;;;;80.0;23.0;2;E;0.0;Muara;Kab. Tapanuli Utara;Sumatera Utara;2.3303;98.9001
5012141;2023-12-30 06:20:00;;;;;85.0;22.0;4;N;0.0;Pagaran;Kab. Tapanuli Utara;Sumatera Utara;2.1902;98.9088
5012142;2023-12-30 06:20:00;;;;;95.0;22.0;2;S;10.0;Pahae Jae;Kab. Tapanuli Utara;Sumatera Utara;1.7219;99.1575
5012143;2023-12-30 06:20:00;;;;;95.0;22.0;1;S;10.0;Pahae Jae;Kab. Tapanuli Utara;Sumatera Utara;1.7868;99.108
5012144;2023-12-30 06:20:00;;;;;95.0;22.0;1;S;10.0;Pahae Julu;Kab. Tapanuli Utara;Sumatera Utara;1.8943;99.0454
5012145;2023-12-30 06:20:00;;;;;85.0;22.0;1;N;0.0;Pangaribuan;Kab. Tapanuli Utara;Sumatera Utara;2.0104;99.1639
5012146;2023-12-30 06:20:00;;;;;95.0;21.0;1;W;0.0;Parmonangan;Kab. Tapanuli Utara;Sumatera Utara;2.0828;98.7899
5012147;2023-12-30 06:20:00;;;;;95.0;22.0;1;S;10.0;Purba Tua;Kab. Tapanuli Utara;Sumatera Utara;1.7493;99.119
5012148;2023-12-30 06:20:00;;;;;95.0;21.0;3;W;0.0;Siatas Barita;Kab. Tapanuli Utara;Sumatera Utara;1.9669;99.0041
5012149;2023-12-30 06:20:00;;;;;85.0;22.0;1;N;0.0;Siborong-Borong;Kab. Tapanuli Utara;Sumatera Utara;2.223;98.968
5012150;2023-12-30 06:20:00;;;;;85.0;22.0;95;N;0.0;Sipahutar;Kab. Tapanuli Utara;Sumatera Utara;2.1116;99.093
5012151;2023-12-30 06:20:00;;;;;95.0;21.0;4;W;0.0;Sipoholon;Kab. Tapanuli Utara;Sumatera Utara;2.0722;98.9435
5012152;2023-12-30 06:20:00;;;;;85.0;28.0;2;N;0.0;Bajenis;Kota Tebing Tinggi;Sumatera Utara;3.3323;99.1285
5012153;2023-12-30 06:20:00;;;;;85.0;28.0;4;N;0.0;Padang Hilir;Kota Tebing Tinggi;Sumatera Utara;3.3203;99.1826
5012154;2023-12-30 06:20:00;;;;;85.0;28.0;95;N;0.0;Rambutan;Kota Tebing Tinggi;Sumatera Utara;3.3555;99.1668
5012155;2023-12-30 06:20:00;;;;;85.0;28.0;60;N;0.0;Tbg Tinggi Kota;Kota Tebing Tinggi;Sumatera Utara;3.3243;99.1579
5012156;2023-12-30 06:20:00;;;;;90.0;21.0;63;N;0.0;Ajibata;Kab. Toba Samosir;Sumatera Utara;2.6592;98.9358
5012157;2023-12-30 06:20:00;;;;;80.0;23.0;2;NW;10.0;Bona Tua Lunasi;Kab. Toba Samosir;Sumatera Utara;2.5048;99.1376
5012158;2023-12-30 06:20:00;;;;;85.0;22.0;4;NE;10.0;Bor Bor;Kab. Toba Samosir;Sumatera Utara;2.2745;99.2619
5012159;2023-12-30 06:20:00;;;;;85.0;22.0;3;NE;10.0;Habinsaran;Kab. Toba Samosir;Sumatera Utara;2.2942;99.3522
5012160;2023-12-30 06:20:00;;;;;80.0;23.0;95;NW;10.0;Laguboti;Kab. Toba Samosir;Sumatera Utara;2.3527;99.1265
5012161;2023-12-30 06:20:00;;;;;90.0;21.0;4;N;0.0;Lumban Julu;Kab. Toba Samosir;Sumatera Utara;2.5767;99.0603
5012162;2023-12-30 06:20:00;;;;;85.0;22.0;4;NE;10.0;Nassau;Kab. Toba Samosir;Sumatera Utara;2.3068;99.465
5012163;2023-12-30 06:20:00;;;;;80.0;23.0;1;NW;10.0;Parmaksian;Kab. Toba Samosir;Sumatera Utara;2.4748;99.1869
5012164;2023-12-30 06:20:00;;;;;80.0;23.0;95;NW;10.0;Pintu Pohan Meranti;Kab. Toba Samosir;Sumatera Utara;2.5436;99.2887
5012165;2023-12-30 06:20:00;;;;;80.0;23.0;61;NW;10.0;Porsea;Kab. Toba Samosir;Sumatera Utara;2.436;99.161
5012166;2023-12-30 06:20:00;;;;;80.0;23.0;2;NW;10.0;Siantar Narumonda;Kab. Toba Samosir;Sumatera Utara;2.4304;99.2
5012167;2023-12-30 06:20:00;;;;;80.0;23.0;3;NW;10.0;Sigumpar;Kab. Toba Samosir;Sumatera Utara;2.3879;99.1543
5012168;2023-12-30 06:20:00;;;;;85.0;22.0;2;NE;10.0;Silaen;Kab. Toba Samosir;Sumatera Utara;2.3871;99.2051
5012169;2023-12-30 06:20:00;;;;;80.0;23.0;63;E;0.0;Tampahan;Kab. Toba Samosir;Sumatera Utara;2.3369;99.0173
5012170;2023-12-30 06:20:00;;;;;80.0;23.0;3;NW;10.0;Uluan;Kab. Toba Samosir;Sumatera Utara;2.4503;99.1158
