501212;2023-12-30 06:20:00;;;;;75.0;30.0;2;E;30.0;Bandung;Kota Bandung;Jawa Barat;-6.90992;107.64691
501213;2023-12-30 06:20:00;;;;;75.0;33.0;61;E;30.0;Banjar;Kota Banjar;Jawa Barat;-7.36996;108.55901
501216;2023-12-30 06:20:00;;;;;75.0;33.0;63;E;30.0;Ciamis;Kab. Ciamis;Jawa Barat;-7.36;108.48
501217;2023-12-30 06:20:00;;;;;75.0;33.0;2;E;30.0;Cianjur;Kab. Cianjur;Jawa Barat;-6.816666668;107.1333
501218;2023-12-30 06:20:00;;;;;75.0;33.0;3;E;30.0;Cibinong;Kab. Bogor;Jawa Barat;-6.494077;106.830711
501219;2023-12-30 06:20:00;;;;;70.0;33.0;3;E;30.0;Cikarang;Kab. Bekasi;Jawa Barat;-6.255237;107.149658
501220;2023-12-30 06:20:00;;;;;75.0;30.0;3;E;30.0;Cimahi;Kota Cimahi;Jawa Barat;-6.88191;107.54861
501221;2023-12-30 06:20:00;;;;;50.0;35.0;1;E;30.0;Cirebon;Kota Cirebon;Jawa Barat;-6.72;108.57552
501222;2023-12-30 06:20:00;;;;;75.0;33.0;3;E;30.0;Kab.Sukabumi;Kab. Sukabumi;Jawa Barat;-6.930517;106.921005
501224;2023-12-30 06:20:00;;;;;75.0;33.0;2;E;30.0;Garut;Kab. Garut;Jawa Barat;-7.233333334;107.8833
501225;2023-12-30 06:20:00;;;;;50.0;35.0;1;NE;20.0;Indramayu;Kab. Indramayu;Jawa Barat;-6.333333334;108.3167
501226;2023-12-30 06:20:00;;;;;70.0;33.0;63;E;30.0;Karawang;Kab. Karawang;Jawa Barat;-6.309156;107.306213
501227;2023-12-30 06:20:00;;;;;55.0;35.0;4;E;30.0;Kuningan;Kab. Kuningan;Jawa Barat;-6.983333335;108.4833
501228;2023-12-30 06:20:00;;;;;55.0;33.0;2;E;30.0;Majalengka;Kab. Majalengka;Jawa Barat;-6.81747;108.22775
501229;2023-12-30 06:20:00;;;;;75.0;33.0;1;E;30.0;Pelabuhan Ratu;Kab. Sukabumi;Jawa Barat;-6.985;106.55
501230;2023-12-30 06:20:00;;;;;70.0;33.0;4;E;30.0;Purwakarta;Kab. Purwakarta;Jawa Barat;-6.565025;107.439423
501231;2023-12-30 06:20:00;;;;;75.0;33.0;1;E;30.0;Singaparna;Kab. Tasikmalaya;Jawa Barat;-7.348833;108.121944
501232;2023-12-30 06:20:00;;;;;75.0;30.0;2;E;30.0;Soreang;Kab. Bandung;Jawa Barat;-7.025935;107.524567
501233;2023-12-30 06:20:00;;;;;70.0;33.0;1;E;30.0;Subang;Kab. Subang;Jawa Barat;-6.566389;107.760773
501234;2023-12-30 06:20:00;;;;;50.0;35.0;4;E;30.0;Sumber;Kab. Cirebon;Jawa Barat;-6.75021;108.55259
501235;2023-12-30 06:20:00;;;;;55.0;31.0;4;E;30.0;Sumedang;Kab. Sumedang;Jawa Barat;-6.850078;107.926941
501236;2023-12-30 06:20:00;;;;;75.0;33.0;4;E;30.0;Tasikmalaya;Kota Tasikmalaya;Jawa Barat;-7.36021;108.21763
501599;2023-12-30 06:20:00;;;;;70.0;26.0;4;E;30.0;Lembang;Kab. Bandung Barat;Jawa Barat;-6.816671;107.633057
5002227;2023-12-30 06:20:00;;;;;75.0;33.0;2;E;30.0;Kota Bogor;Kota Bogor;Jawa Barat;-6.598449;106.797409
5002228;2023-12-30 06:20:00;;;;;70.0;33.0;1;E;30.0;Bekasi;Kota Bekasi;Jawa Barat;-6.23476;106.994476
5002229;2023-12-30 06:20:00;;;;;75.0;33.0;1;E;30.0;Depok;Kota Depok;Jawa Barat;-6.408107;106.814575
5002252;2023-12-30 06:20:00;;;;;75.0;33.0;1;E;30.0;Parigi;Kab. Pangandaran;Jawa Barat;-7.684454;108.538742
5002286;2023-12-30 06:20:00;;;;;75.0;30.0;61;E;30.0;Cisarua;Kab. Bogor;Jawa Barat;-6.690523;106.931305
5002287;2023-12-30 06:20:00;;;;;75.0;29.0;2;E;30.0;Cipanas;Kab. Cianjur;Jawa Barat;-6.7103;107.20047
5002288;2023-12-30 06:20:00;;;;;75.0;33.0;63;E;30.0;Gadog;Gadog Puncak;Jawa Barat;-6.656764;106.86367
5009222;2023-12-30 06:20:00;;;;;75.0;33.0;4;E;30.0;Agrabinta;Kab. Cianjur;Jawa Barat;-7.4082;106.9917
5009223;2023-12-30 06:20:00;;;;;75.0;30.0;3;E;30.0;Andir;Kota Bandung;Jawa Barat;-6.906;107.564
5009224;2023-12-30 06:20:00;;;;;50.0;35.0;2;NE;20.0;Anjatan;Kab. Indramayu;Jawa Barat;-6.36;107.92
5009225;2023-12-30 06:20:00;;;;;75.0;30.0;4;E;30.0;Antapani;Kota Bandung;Jawa Barat;-6.917;107.642
5009226;2023-12-30 06:20:00;;;;;50.0;35.0;2;NE;20.0;Arahan;Kab. Indramayu;Jawa Barat;-6.35;108.25
5009227;2023-12-30 06:20:00;;;;;75.0;30.0;4;E;30.0;Arcamanik;Kota Bandung;Jawa Barat;-6.921;107.661
5009228;2023-12-30 06:20:00;;;;;55.0;33.0;2;E;30.0;Argapura;Kab. Majalengka;Jawa Barat;-6.893;108.319
5009229;2023-12-30 06:20:00;;;;;75.0;31.0;2;E;30.0;Arjasari;Kab. Bandung;Jawa Barat;-7.049;107.64
5009230;2023-12-30 06:20:00;;;;;50.0;35.0;4;NE;20.0;Arjawinangun;Kab. Cirebon;Jawa Barat;-6.633;108.365
5009231;2023-12-30 06:20:00;;;;;75.0;30.0;2;E;30.0;Astanaanyar;Kota Bandung;Jawa Barat;-6.938;107.584
5009232;2023-12-30 06:20:00;;;;;50.0;35.0;4;E;30.0;Astanajapura;Kab. Cirebon;Jawa Barat;-6.795;108.586
5009233;2023-12-30 06:20:00;;;;;55.0;35.0;2;E;30.0;Babakan;Kab. Cirebon;Jawa Barat;-6.866;108.708
5009234;2023-12-30 06:20:00;;;;;75.0;33.0;63;E;30.0;Babakan Madang;Kab. Bogor;Jawa Barat;-6.548;106.986
5009235;2023-12-30 06:20:00;;;;;75.0;30.0;3;E;30.0;Babakanciparay;Kota Bandung;Jawa Barat;-6.94;107.559
5009236;2023-12-30 06:20:00;;;;;85.0;28.0;3;N;0.0;Babelan;Kab. Bekasi;Jawa Barat;-6.127;107.034
5009237;2023-12-30 06:20:00;;;;;75.0;30.0;4;E;30.0;Baleendah;Kab. Bandung;Jawa Barat;-7.011;107.624
5009238;2023-12-30 06:20:00;;;;;50.0;35.0;2;NE;20.0;Balongan;Kab. Indramayu;Jawa Barat;-6.384;108.341
5009239;2023-12-30 06:20:00;;;;;75.0;30.0;3;E;30.0;Bandung Kidul;Kota Bandung;Jawa Barat;-6.955;107.612
5009240;2023-12-30 06:20:00;;;;;75.0;30.0;3;E;30.0;Bandung Kulon;Kota Bandung;Jawa Barat;-6.931;107.546
5009241;2023-12-30 06:20:00;;;;;75.0;30.0;3;E;30.0;Bandung Wetan;Kota Bandung;Jawa Barat;-6.905;107.609
5009242;2023-12-30 06:20:00;;;;;50.0;35.0;1;NE;20.0;Bangodua;Kab. Indramayu;Jawa Barat;-6.516;108.25
5009243;2023-12-30 06:20:00;;;;;75.0;33.0;61;E;30.0;Banjar;Kota Banjar;Jawa Barat;-7.372;108.501
5009244;2023-12-30 06:20:00;;;;;75.0;30.0;1;E;30.0;Banjaran;Kab. Bandung;Jawa Barat;-7.076;107.594
5009245;2023-12-30 06:20:00;;;;;55.0;33.0;4;E;30.0;Banjaran;Kab. Majalengka;Jawa Barat;-6.956;108.305
5009246;2023-12-30 06:20:00;;;;;75.0;33.0;1;E;30.0;Banjarsari;Kab. Ciamis;Jawa Barat;-7.496;108.579
5009247;2023-12-30 06:20:00;;;;;75.0;33.0;4;E;30.0;Banjarwangi;Kab. Garut;Jawa Barat;-7.4;107.81
5009248;2023-12-30 06:20:00;;;;;70.0;33.0;4;E;30.0;Bantar Gebang;Kota Bekasi;Jawa Barat;-6.33;106.980962
5009249;2023-12-30 06:20:00;;;;;75.0;33.0;3;E;30.0;Bantargadung;Kab. Sukabumi;Jawa Barat;-7.041;106.657
5009250;2023-12-30 06:20:00;;;;;75.0;33.0;2;E;30.0;Bantarkalong;Kab. Tasikmalaya;Jawa Barat;-7.579;108.001
5009251;2023-12-30 06:20:00;;;;;55.0;33.0;1;E;30.0;Bantarujeg;Kab. Majalengka;Jawa Barat;-6.973;108.177
5009252;2023-12-30 06:20:00;;;;;75.0;33.0;4;E;30.0;Banyuresmi;Kab. Garut;Jawa Barat;-7.17;107.946
5009253;2023-12-30 06:20:00;;;;;70.0;33.0;63;E;30.0;Banyusari;Kab. Karawang;Jawa Barat;-6.288;107.528
5009254;2023-12-30 06:20:00;;;;;75.0;33.0;95;E;30.0;Baregbeg;Kab. Ciamis;Jawa Barat;-7.294;108.343
5009255;2023-12-30 06:20:00;;;;;75.0;33.0;2;E;30.0;Baros;Kota Sukabumi;Jawa Barat;-6.95;106.92
5009256;2023-12-30 06:20:00;;;;;75.0;30.0;3;E;30.0;Batujajar;Kab. Bandung Barat;Jawa Barat;-6.88;107.427
5009257;2023-12-30 06:20:00;;;;;70.0;33.0;3;E;30.0;Batujaya;Kab. Karawang;Jawa Barat;-6.10142;107.21761
5009258;2023-12-30 06:20:00;;;;;75.0;30.0;3;E;30.0;Batununggal;Kota Bandung;Jawa Barat;-6.951;107.637
5009259;2023-12-30 06:20:00;;;;;75.0;33.0;4;E;30.0;Bayongbong;Kab. Garut;Jawa Barat;-7.276;107.808
5009260;2023-12-30 06:20:00;;;;;50.0;35.0;2;E;30.0;Beber;Kab. Cirebon;Jawa Barat;-6.816;108.507
5009261;2023-12-30 06:20:00;;;;;75.0;33.0;1;E;30.0;Beji;Kota Depok;Jawa Barat;-6.38;106.806
5009262;2023-12-30 06:20:00;;;;;70.0;33.0;4;E;30.0;Bekasi Barat;Kota Bekasi;Jawa Barat;-6.234;106.973
5009263;2023-12-30 06:20:00;;;;;75.0;33.0;4;E;30.0;Bekasi Selatan;Kota Bekasi;Jawa Barat;-6.247;106.991
5009264;2023-12-30 06:20:00;;;;;70.0;33.0;4;E;30.0;Bekasi Timur;Kota Bekasi;Jawa Barat;-6.245;107.014
5009265;2023-12-30 06:20:00;;;;;70.0;33.0;3;E;30.0;Bekasi Utara;Kota Bekasi;Jawa Barat;-6.205;106.999
5009266;2023-12-30 06:20:00;;;;;50.0;35.0;4;NE;20.0;Binong;Kab. Subang;Jawa Barat;-6.33;107.799
5009267;2023-12-30 06:20:00;;;;;70.0;33.0;1;E;30.0;Blanakan;Kab. Subang;Jawa Barat;-6.263;107.678
5009268;2023-12-30 06:20:00;;;;;75.0;33.0;2;E;30.0;Bogor Barat;Kota Bogor;Jawa Barat;-6.569;106.762
5009269;2023-12-30 06:20:00;;;;;75.0;33.0;63;E;30.0;Bogor Selatan;Kota Bogor;Jawa Barat;-6.6006;106.8058
5009270;2023-12-30 06:20:00;;;;;75.0;33.0;2;E;30.0;Bogor Tengah;Kota Bogor;Jawa Barat;-6.662;106.852
5009271;2023-12-30 06:20:00;;;;;75.0;33.0;3;E;30.0;Bogor Timur;Kota Bogor;Jawa Barat;-6.614;106.82
5009272;2023-12-30 06:20:00;;;;;75.0;33.0;2;E;30.0;Bogor Utara;Kota Bogor;Jawa Barat;-6.576;106.821
5009273;2023-12-30 06:20:00;;;;;70.0;33.0;3;E;30.0;Bojong;Kab. Purwakarta;Jawa Barat;-6.715;107.521
5009274;2023-12-30 06:20:00;;;;;75.0;33.0;4;E;30.0;Bojong Genteng;Kab. Sukabumi;Jawa Barat;-6.834;106.718
5009275;2023-12-30 06:20:00;;;;;75.0;33.0;60;E;30.0;Bojongasih;Kab. Tasikmalaya;Jawa Barat;-7.555;108.091
5009276;2023-12-30 06:20:00;;;;;75.0;33.0;1;E;30.0;Bojonggambir;Kab. Tasikmalaya;Jawa Barat;-7.573;107.897
5009277;2023-12-30 06:20:00;;;;;75.0;33.0;4;E;30.0;Bojonggede;Kab. Bogor;Jawa Barat;-6.5783;106.7873
5009278;2023-12-30 06:20:00;;;;;75.0;30.0;3;E;30.0;Bojongloa Kaler;Kota Bandung;Jawa Barat;-6.932;107.572
5009279;2023-12-30 06:20:00;;;;;75.0;30.0;2;E;30.0;Bojongloa Kidul;Kota Bandung;Jawa Barat;-6.946;107.581
5009280;2023-12-30 06:20:00;;;;;70.0;33.0;1;E;30.0;Bojongmangu;Kab. Bekasi;Jawa Barat;-6.431;107.192
5009281;2023-12-30 06:20:00;;;;;75.0;29.0;4;E;30.0;Bojongpicung;Kab. Cianjur;Jawa Barat;-6.58107;107.26867
5009282;2023-12-30 06:20:00;;;;;75.0;33.0;4;E;30.0;Bojongsari;Kota Depok;Jawa Barat;-6.382;106.735
5009283;2023-12-30 06:20:00;;;;;75.0;30.0;1;E;30.0;Bojongsoang;Kab. Bandung;Jawa Barat;-6.982;107.665
5009284;2023-12-30 06:20:00;;;;;50.0;35.0;1;NE;20.0;Bongas;Kab. Indramayu;Jawa Barat;-6.36;108.01
5009285;2023-12-30 06:20:00;;;;;75.0;30.0;4;E;30.0;Buahbatu;Kota Bandung;Jawa Barat;-6.948;107.638
5009286;2023-12-30 06:20:00;;;;;55.0;33.0;1;E;30.0;Buahdua;Kab. Sumedang;Jawa Barat;-6.697;107.951
5009287;2023-12-30 06:20:00;;;;;75.0;33.0;4;E;30.0;Bungbulang;Kab. Garut;Jawa Barat;-7.426;107.431
5009288;2023-12-30 06:20:00;;;;;70.0;33.0;4;E;30.0;Bungursari;Kab. Purwakarta;Jawa Barat;-6.462;107.408
5009289;2023-12-30 06:20:00;;;;;75.0;33.0;2;E;30.0;Bungursari;Kota Tasikmalaya;Jawa Barat;-7.308;108.159
5009290;2023-12-30 06:20:00;;;;;70.0;33.0;2;E;30.0;Cabangbungin;Kab. Bekasi;Jawa Barat;-6.076;107.12
5009291;2023-12-30 06:20:00;;;;;75.0;33.0;3;E;30.0;Campaka;Kab. Cianjur;Jawa Barat;-6.998312;107.142341
5009292;2023-12-30 06:20:00;;;;;70.0;33.0;1;E;30.0;Campaka;Kab. Purwakarta;Jawa Barat;-6.51;107.48
5009293;2023-12-30 06:20:00;;;;;75.0;33.0;60;E;30.0;Campaka Mulya;Kab. Cianjur;Jawa Barat;-7.073;107.193
5009294;2023-12-30 06:20:00;;;;;75.0;30.0;4;E;30.0;Cangkuang;Kab. Bandung;Jawa Barat;-7.05;107.525
5009295;2023-12-30 06:20:00;;;;;50.0;35.0;1;NE;20.0;Cantigi;Kab. Indramayu;Jawa Barat;-6.29;108.161
5009296;2023-12-30 06:20:00;;;;;75.0;33.0;60;E;30.0;Caringin;Kab. Bogor;Jawa Barat;-6.737;106.86
5009297;2023-12-30 06:20:00;;;;;75.0;33.0;4;E;30.0;Caringin;Kab. Garut;Jawa Barat;-7.451;107.441
5009298;2023-12-30 06:20:00;;;;;75.0;33.0;60;E;30.0;Caringin;Kab. Sukabumi;Jawa Barat;-6.833;106.889
5009299;2023-12-30 06:20:00;;;;;70.0;33.0;3;E;30.0;Cariu;Kab. Bogor;Jawa Barat;-6.518;107.145
5009300;2023-12-30 06:20:00;;;;;75.0;33.0;2;E;30.0;Ciambar;Kab. Sukabumi;Jawa Barat;-6.801;106.816
5009302;2023-12-30 06:20:00;;;;;75.0;33.0;4;E;30.0;Ciampea;Kab. Bogor;Jawa Barat;-6.54738888888889;106.691194444444
5009303;2023-12-30 06:20:00;;;;;70.0;33.0;2;E;30.0;Ciampel;Kab. Karawang;Jawa Barat;-6.461;107.334
5009304;2023-12-30 06:20:00;;;;;75.0;33.0;3;E;30.0;Cianjur;Kab. Cianjur;Jawa Barat;-6.82;107.126
5009305;2023-12-30 06:20:00;;;;;70.0;33.0;3;E;30.0;Ciasem;Kab. Subang;Jawa Barat;-6.36;107.65
5009306;2023-12-30 06:20:00;;;;;70.0;26.0;2;E;30.0;Ciater;Kab. Subang;Jawa Barat;-6.73;107.638
5009307;2023-12-30 06:20:00;;;;;75.0;33.0;63;E;30.0;Ciawi;Kab. Bogor;Jawa Barat;-6.662;106.852
5009308;2023-12-30 06:20:00;;;;;75.0;33.0;2;E;30.0;Ciawi;Kab. Tasikmalaya;Jawa Barat;-7.167;108.079
5009309;2023-12-30 06:20:00;;;;;55.0;35.0;1;E;30.0;Ciawigebang;Kab. Kuningan;Jawa Barat;-6.952;108.537
5009310;2023-12-30 06:20:00;;;;;75.0;33.0;2;E;30.0;Cibadak;Kab. Sukabumi;Jawa Barat;-6.901;106.849
5009311;2023-12-30 06:20:00;;;;;75.0;33.0;3;E;30.0;Cibalong;Kab. Garut;Jawa Barat;-7.661;107.765
5009312;2023-12-30 06:20:00;;;;;75.0;33.0;60;E;30.0;Cibalong;Kab. Tasikmalaya;Jawa Barat;-7.535;108.342
5009313;2023-12-30 06:20:00;;;;;70.0;33.0;3;E;30.0;Cibarusah;Kab. Bekasi;Jawa Barat;-6.432;107.1
5009314;2023-12-30 06:20:00;;;;;75.0;33.0;1;E;30.0;Cibatu;Kab. Garut;Jawa Barat;-7.1;107.977
5009315;2023-12-30 06:20:00;;;;;70.0;33.0;3;E;30.0;Cibatu;Kab. Purwakarta;Jawa Barat;-6.55133;107.5149
5009316;2023-12-30 06:20:00;;;;;75.0;33.0;3;E;30.0;Cibeber;Kab. Cianjur;Jawa Barat;-6.95;107.152
5009317;2023-12-30 06:20:00;;;;;75.0;30.0;3;E;30.0;Cibeunying Kaler;Kota Bandung;Jawa Barat;-6.886;107.613
5009318;2023-12-30 06:20:00;;;;;75.0;30.0;4;E;30.0;Cibeunying Kidul;Kota Bandung;Jawa Barat;-6.898;107.63
5009319;2023-12-30 06:20:00;;;;;55.0;35.0;60;E;30.0;Cibeureum;Kab. Kuningan;Jawa Barat;-7.086;108.646
5009320;2023-12-30 06:20:00;;;;;75.0;33.0;3;E;30.0;Cibeureum;Kota Sukabumi;Jawa Barat;-6.93;106.948
5009321;2023-12-30 06:20:00;;;;;75.0;33.0;2;E;30.0;Cibeureum;Kota Tasikmalaya;Jawa Barat;-7.355;108.243
5009322;2023-12-30 06:20:00;;;;;55.0;35.0;60;E;30.0;Cibingbin;Kab. Kuningan;Jawa Barat;-7.05;108.683
5009323;2023-12-30 06:20:00;;;;;75.0;33.0;3;E;30.0;Cibinong;Kab. Bogor;Jawa Barat;-6.482;106.854
5009324;2023-12-30 06:20:00;;;;;75.0;33.0;4;E;30.0;Cibinong;Kab. Cianjur;Jawa Barat;-7.30861111111111;107.1275
5009325;2023-12-30 06:20:00;;;;;75.0;30.0;4;E;30.0;Cibiru;Kota Bandung;Jawa Barat;-6.915;107.706
5009326;2023-12-30 06:20:00;;;;;70.0;33.0;4;E;30.0;Cibitung;Kab. Bekasi;Jawa Barat;-6.22;107.09
5009327;2023-12-30 06:20:00;;;;;75.0;33.0;1;E;30.0;Cibitung;Kab. Sukabumi;Jawa Barat;-7.386;106.615
5009328;2023-12-30 06:20:00;;;;;75.0;33.0;2;E;30.0;Cibiuk;Kab. Garut;Jawa Barat;-7.065;107.918
5009329;2023-12-30 06:20:00;;;;;70.0;33.0;1;E;30.0;Cibogo;Kab. Subang;Jawa Barat;-6.55;107.81
5009330;2023-12-30 06:20:00;;;;;70.0;33.0;4;E;30.0;Cibuaya;Kab. Karawang;Jawa Barat;-6.07594444444444;107.214027777778
5009331;2023-12-30 06:20:00;;;;;55.0;33.0;4;E;30.0;Cibugel;Kab. Sumedang;Jawa Barat;-6.969;108.038
5009332;2023-12-30 06:20:00;;;;;75.0;33.0;1;E;30.0;Cibungbulang;Kab. Bogor;Jawa Barat;-6.523;106.637
5009333;2023-12-30 06:20:00;;;;;55.0;31.0;1;E;30.0;Cicalengka;Kab. Bandung;Jawa Barat;-7.00062;107.823
5009334;2023-12-30 06:20:00;;;;;75.0;33.0;2;E;30.0;Cicantayan;Kab. Sukabumi;Jawa Barat;-6.917;106.792
5009335;2023-12-30 06:20:00;;;;;75.0;30.0;4;E;30.0;Cicendo;Kota Bandung;Jawa Barat;-6.901;107.562
5009336;2023-12-30 06:20:00;;;;;75.0;33.0;1;E;30.0;Cicurug;Kab. Sukabumi;Jawa Barat;-6.87857;106.7429
5009337;2023-12-30 06:20:00;;;;;75.0;33.0;2;E;30.0;Cidadap;Kab. Sukabumi;Jawa Barat;-7.291;106.938
5009338;2023-12-30 06:20:00;;;;;75.0;30.0;2;E;30.0;Cidadap;Kota Bandung;Jawa Barat;-6.863;107.593
5009339;2023-12-30 06:20:00;;;;;55.0;35.0;4;E;30.0;Cidahu;Kab. Kuningan;Jawa Barat;-6.98;108.69
5009340;2023-12-30 06:20:00;;;;;75.0;33.0;4;E;30.0;Cidahu;Kab. Sukabumi;Jawa Barat;-6.758;106.727
5009341;2023-12-30 06:20:00;;;;;75.0;33.0;2;E;30.0;Cidaun;Kab. Cianjur;Jawa Barat;-7.49055555555556;107.345
5009342;2023-12-30 06:20:00;;;;;75.0;33.0;60;E;30.0;Cidolog;Kab. Ciamis;Jawa Barat;-7.433;108.378
5009343;2023-12-30 06:20:00;;;;;75.0;33.0;60;E;30.0;Cidolog;Kab. Sukabumi;Jawa Barat;-7.284;106.853
5009344;2023-12-30 06:20:00;;;;;75.0;33.0;60;E;30.0;Ciemas;Kab. Sukabumi;Jawa Barat;-7.176;106.513
5009345;2023-12-30 06:20:00;;;;;75.0;33.0;2;E;30.0;Cigalontang;Kab. Tasikmalaya;Jawa Barat;-7.295;107.938
5009346;2023-12-30 06:20:00;;;;;55.0;35.0;4;E;30.0;Cigandamekar;Kab. Kuningan;Jawa Barat;-6.883;108.502
5009347;2023-12-30 06:20:00;;;;;55.0;33.0;3;E;30.0;Cigasong;Kab. Majalengka;Jawa Barat;-6.824;108.216
5009348;2023-12-30 06:20:00;;;;;75.0;33.0;4;E;30.0;Cigedug;Kab. Garut;Jawa Barat;-7.325;107.794
5009349;2023-12-30 06:20:00;;;;;75.0;33.0;3;E;30.0;Cigombong;Kab. Bogor;Jawa Barat;-6.678;106.783
5009350;2023-12-30 06:20:00;;;;;75.0;33.0;3;E;30.0;Cigudeg;Kab. Bogor;Jawa Barat;-6.55277777777778;106.538583333333
5009351;2023-12-30 06:20:00;;;;;55.0;35.0;3;E;30.0;Cigugur;Kab. Kuningan;Jawa Barat;-6.943;108.406
5009352;2023-12-30 06:20:00;;;;;75.0;33.0;4;E;30.0;Cigugur;Kab. Pangandaran;Jawa Barat;-7.622;108.389
5009353;2023-12-30 06:20:00;;;;;75.0;30.0;3;E;30.0;Cihampelas;Kab. Bandung Barat;Jawa Barat;-6.943;107.431
5009354;2023-12-30 06:20:00;;;;;75.0;33.0;3;E;30.0;Cihaurbeuti;Kab. Ciamis;Jawa Barat;-7.235;108.167
5009355;2023-12-30 06:20:00;;;;;75.0;33.0;2;E;30.0;Cihideung;Kota Tasikmalaya;Jawa Barat;-7.53;108.28
5009356;2023-12-30 06:20:00;;;;;75.0;33.0;2;E;30.0;Cihurip;Kab. Garut;Jawa Barat;-7.498;107.846
5009357;2023-12-30 06:20:00;;;;;70.0;33.0;4;E;30.0;Cijambe;Kab. Subang;Jawa Barat;-6.627;107.787
5009358;2023-12-30 06:20:00;;;;;75.0;33.0;1;E;30.0;Cijati;Kab. Cianjur;Jawa Barat;-7.272;107.004
5009359;2023-12-30 06:20:00;;;;;75.0;33.0;61;E;30.0;Cijeruk;Kab. Bogor;Jawa Barat;-6.736;106.815
5009360;2023-12-30 06:20:00;;;;;75.0;33.0;95;E;30.0;Cijeungjing;Kab. Ciamis;Jawa Barat;-7.335;108.41
5009361;2023-12-30 06:20:00;;;;;75.0;33.0;3;E;30.0;Cijulang;Kab. Pangandaran;Jawa Barat;-7.71;108.45
5009362;2023-12-30 06:20:00;;;;;75.0;33.0;1;E;30.0;Cikadu;Kab. Cianjur;Jawa Barat;-7.267;107.296
5009363;2023-12-30 06:20:00;;;;;75.0;33.0;60;E;30.0;Cikajang;Kab. Garut;Jawa Barat;-7.406;107.722
5009364;2023-12-30 06:20:00;;;;;75.0;33.0;60;E;30.0;Cikakak;Kab. Sukabumi;Jawa Barat;-6.866;106.536
5009365;2023-12-30 06:20:00;;;;;75.0;33.0;61;E;30.0;Cikalong;Kab. Tasikmalaya;Jawa Barat;-7.744;108.17
5009366;2023-12-30 06:20:00;;;;;75.0;29.0;60;E;30.0;Cikalongkulon;Kab. Cianjur;Jawa Barat;-6.697;107.184
5009367;2023-12-30 06:20:00;;;;;70.0;33.0;4;E;30.0;Cikalongwetan;Kab. Bandung Barat;Jawa Barat;-6.735;107.433
5009368;2023-12-30 06:20:00;;;;;70.0;33.0;63;E;30.0;Cikampek;Kab. Karawang;Jawa Barat;-6.372337;107.412207
5009369;2023-12-30 06:20:00;;;;;55.0;31.0;1;E;30.0;Cikancung;Kab. Bandung;Jawa Barat;-6.99882;107.81684
5009370;2023-12-30 06:20:00;;;;;70.0;33.0;3;E;30.0;Cikao;Kab. Purwakarta;Jawa Barat;-6.511;107.388
5009371;2023-12-30 06:20:00;;;;;70.0;33.0;4;E;30.0;Cikarang Barat;Kab. Bekasi;Jawa Barat;-6.282;107.073
5009372;2023-12-30 06:20:00;;;;;70.0;33.0;3;E;30.0;Cikarang Pusat;Kab. Bekasi;Jawa Barat;-6.328;107.188
5009373;2023-12-30 06:20:00;;;;;70.0;33.0;2;E;30.0;Cikarang Selatan;Kab. Bekasi;Jawa Barat;-6.299;107.112
5009374;2023-12-30 06:20:00;;;;;70.0;33.0;4;E;30.0;Cikarang Timur;Kab. Bekasi;Jawa Barat;-6.295;107.204
5009375;2023-12-30 06:20:00;;;;;70.0;33.0;3;E;30.0;Cikarang Utara;Kab. Bekasi;Jawa Barat;-6.226;107.115
5009376;2023-12-30 06:20:00;;;;;75.0;33.0;60;E;30.0;Cikatomas;Kab. Tasikmalaya;Jawa Barat;-7.628;108.191
5009377;2023-12-30 06:20:00;;;;;70.0;33.0;1;E;30.0;Cikaum;Kab. Subang;Jawa Barat;-6.427;107.667
5009378;2023-12-30 06:20:00;;;;;55.0;33.0;1;NE;20.0;Cikedung;Kab. Indramayu;Jawa Barat;-6.528;108.101
5009379;2023-12-30 06:20:00;;;;;75.0;33.0;3;E;30.0;Cikelet;Kab. Garut;Jawa Barat;-7.566;107.627
5009380;2023-12-30 06:20:00;;;;;75.0;33.0;63;E;30.0;Cikembar;Kab. Sukabumi;Jawa Barat;-6.968;106.796
5009381;2023-12-30 06:20:00;;;;;75.0;33.0;2;E;30.0;Cikidang;Kab. Sukabumi;Jawa Barat;-6.885;106.636
5009382;2023-12-30 06:20:00;;;;;55.0;33.0;3;E;30.0;Cikijing;Kab. Majalengka;Jawa Barat;-7.017;108.332
5009383;2023-12-30 06:20:00;;;;;75.0;33.0;3;E;30.0;Cikole;Kota Sukabumi;Jawa Barat;-6.914;106.942
5009384;2023-12-30 06:20:00;;;;;75.0;33.0;4;E;30.0;Cikoneng;Kab. Ciamis;Jawa Barat;-7.281;108.203
5009385;2023-12-30 06:20:00;;;;;75.0;33.0;4;E;30.0;Cilaku;Kab. Cianjur;Jawa Barat;-7.36;107.24
5009386;2023-12-30 06:20:00;;;;;70.0;33.0;4;E;30.0;Cilamaya Kulon;Kab. Karawang;Jawa Barat;-6.27055555555556;107.533361111111
5009387;2023-12-30 06:20:00;;;;;70.0;33.0;1;E;30.0;Cilamaya Wetan;Kab. Karawang;Jawa Barat;-6.27055555555556;107.533361111111
5009388;2023-12-30 06:20:00;;;;;75.0;33.0;2;E;30.0;Cilawu;Kab. Garut;Jawa Barat;-7.295;107.837
5009389;2023-12-30 06:20:00;;;;;60.0;32.0;63;S;20.0;Cilebak;Kab. Kuningan;Jawa Barat;-7.142;108.534
5009390;2023-12-30 06:20:00;;;;;70.0;33.0;2;E;30.0;Cilebar;Kab. Karawang;Jawa Barat;-6.126;107.339
5009391;2023-12-30 06:20:00;;;;;55.0;35.0;4;E;30.0;Ciledug;Kab. Cirebon;Jawa Barat;-6.899;108.715
5009392;2023-12-30 06:20:00;;;;;55.0;31.0;4;E;30.0;Cilengkrang;Kab. Bandung;Jawa Barat;-6.869;107.724
5009393;2023-12-30 06:20:00;;;;;70.0;33.0;1;E;30.0;Cileungsi;Kab. Bogor;Jawa Barat;-6.41425;106.962083333333
5009394;2023-12-30 06:20:00;;;;;75.0;30.0;2;E;30.0;Cileunyi;Kab. Bandung;Jawa Barat;-6.937;107.736
5009395;2023-12-30 06:20:00;;;;;75.0;30.0;4;E;30.0;Cililin;Kab. Bandung Barat;Jawa Barat;-6.967;107.465
5009396;2023-12-30 06:20:00;;;;;50.0;35.0;1;E;30.0;Cilimus;Kab. Kuningan;Jawa Barat;-6.87;108.426
5009397;2023-12-30 06:20:00;;;;;75.0;33.0;3;E;30.0;Cilodong;Kota Depok;Jawa Barat;-6.426;106.847
5009398;2023-12-30 06:20:00;;;;;55.0;35.0;1;E;30.0;Cimahi;Kab. Kuningan;Jawa Barat;-6.993;108.628
5009399;2023-12-30 06:20:00;;;;;75.0;30.0;4;E;30.0;Cimahi Selatan;Kota Cimahi;Jawa Barat;-6.904;107.525
5009400;2023-12-30 06:20:00;;;;;75.0;30.0;1;E;30.0;Cimahi Tengah;Kota Cimahi;Jawa Barat;-6.882;107.509
5009401;2023-12-30 06:20:00;;;;;75.0;30.0;4;E;30.0;Cimahi Utara;Kota Cimahi;Jawa Barat;-6.853;107.547
5009402;2023-12-30 06:20:00;;;;;55.0;31.0;3;E;30.0;Cimalaka;Kab. Sumedang;Jawa Barat;-6.81;107.95
5009403;2023-12-30 06:20:00;;;;;75.0;30.0;61;N;10.0;Cimanggis;Kota Depok;Jawa Barat;-6.367;106.863
5009404;2023-12-30 06:20:00;;;;;75.0;33.0;4;E;30.0;Cimanggu;Kab. Sukabumi;Jawa Barat;-7.199;106.667
5009405;2023-12-30 06:20:00;;;;;55.0;31.0;1;E;30.0;Cimanggung;Kab. Sumedang;Jawa Barat;-6.946;107.851
5009406;2023-12-30 06:20:00;;;;;75.0;33.0;60;E;30.0;Cimaragas;Kab. Ciamis;Jawa Barat;-7.382;108.409
5009407;2023-12-30 06:20:00;;;;;75.0;30.0;2;E;30.0;Cimaung;Kab. Bandung;Jawa Barat;-7.109;107.569
5009408;2023-12-30 06:20:00;;;;;70.0;26.0;1;E;30.0;Cimenyan;Kab. Bandung;Jawa Barat;-6.849;107.671
5009409;2023-12-30 06:20:00;;;;;75.0;33.0;60;E;30.0;Cimerak;Kab. Pangandaran;Jawa Barat;-7.744;108.338
5009410;2023-12-30 06:20:00;;;;;75.0;30.0;4;E;30.0;Cinambo;Kota Bandung;Jawa Barat;-6.928;107.675
5009411;2023-12-30 06:20:00;;;;;75.0;33.0;60;E;30.0;Cineam;Kab. Tasikmalaya;Jawa Barat;-7.424;108.295
5009412;2023-12-30 06:20:00;;;;;75.0;33.0;60;E;30.0;Cinere;Kota Depok;Jawa Barat;-6.333;106.789
5009413;2023-12-30 06:20:00;;;;;55.0;33.0;2;E;30.0;Cingambul;Kab. Majalengka;Jawa Barat;-7.0411;108.3
5009414;2023-12-30 06:20:00;;;;;55.0;35.0;63;E;30.0;Ciniru;Kab. Kuningan;Jawa Barat;-7.052;108.475
5009415;2023-12-30 06:20:00;;;;;75.0;33.0;2;E;30.0;Ciomas;Kab. Bogor;Jawa Barat;-6.609;106.756
5009416;2023-12-30 06:20:00;;;;;75.0;33.0;95;E;30.0;Cipaku;Kab. Ciamis;Jawa Barat;-7.233;108.33
5009417;2023-12-30 06:20:00;;;;;75.0;29.0;4;E;30.0;Cipanas;Kab. Cianjur;Jawa Barat;-6.682;107.013
5009418;2023-12-30 06:20:00;;;;;75.0;31.0;1;E;30.0;Ciparay;Kab. Bandung;Jawa Barat;-7.06611;107.741
5009419;2023-12-30 06:20:00;;;;;75.0;33.0;2;E;30.0;Cipatat;Kab. Bandung Barat;Jawa Barat;-6.829;107.393
5009420;2023-12-30 06:20:00;;;;;75.0;33.0;61;E;30.0;Cipatujah;Kab. Tasikmalaya;Jawa Barat;-7.7;108.04
5009421;2023-12-30 06:20:00;;;;;75.0;33.0;1;E;30.0;Cipayung;Kota Depok;Jawa Barat;-6.427;106.804
5009422;2023-12-30 06:20:00;;;;;75.0;33.0;3;E;30.0;Cipedes;Kota Tasikmalaya;Jawa Barat;-7.46;107.989
5009423;2023-12-30 06:20:00;;;;;75.0;33.0;1;E;30.0;Cipeundeuy;Kab. Bandung Barat;Jawa Barat;-6.742;107.367
5009424;2023-12-30 06:20:00;;;;;70.0;33.0;3;E;30.0;Cipeundeuy;Kab. Subang;Jawa Barat;-6.529;107.642583
5009425;2023-12-30 06:20:00;;;;;55.0;35.0;4;E;30.0;Cipicung;Kab. Kuningan;Jawa Barat;-6.942;108.523
5009426;2023-12-30 06:20:00;;;;;75.0;33.0;1;E;30.0;Cipongkor;Kab. Bandung Barat;Jawa Barat;-6.942;107.349
5009427;2023-12-30 06:20:00;;;;;55.0;35.0;1;NE;20.0;Cipunagara;Kab. Subang;Jawa Barat;-6.495;107.875
5009428;2023-12-30 06:20:00;;;;;75.0;33.0;2;E;30.0;Ciracap;Kab. Sukabumi;Jawa Barat;-7.29;106.449
5009429;2023-12-30 06:20:00;;;;;75.0;33.0;3;E;30.0;Ciranjang;Kab. Cianjur;Jawa Barat;-6.81222222222222;107.265277777778
5009430;2023-12-30 06:20:00;;;;;75.0;33.0;1;E;30.0;Cireunghas;Kab. Sukabumi;Jawa Barat;-6.914;107.036
5009431;2023-12-30 06:20:00;;;;;75.0;33.0;2;E;30.0;Cisaat;Kab. Sukabumi;Jawa Barat;-6.926;106.88
5009432;2023-12-30 06:20:00;;;;;75.0;33.0;63;E;30.0;Cisaga;Kab. Ciamis;Jawa Barat;-7.308;108.465
5009433;2023-12-30 06:20:00;;;;;70.0;26.0;4;E;30.0;Cisalak;Kab. Subang;Jawa Barat;-6.7245;107.743
5009434;2023-12-30 06:20:00;;;;;75.0;30.0;3;E;30.0;Cisarua;Kab. Bandung Barat;Jawa Barat;-6.802;107.538
5009435;2023-12-30 06:20:00;;;;;75.0;30.0;61;E;30.0;Cisarua;Kab. Bogor;Jawa Barat;-6.69802777777778;106.935027777778
5009436;2023-12-30 06:20:00;;;;;55.0;31.0;3;E;30.0;Cisarua;Kab. Sumedang;Jawa Barat;-6.826;107.978
5009437;2023-12-30 06:20:00;;;;;75.0;33.0;1;E;30.0;Cisayong;Kab. Tasikmalaya;Jawa Barat;-7.245;108.093
5009438;2023-12-30 06:20:00;;;;;75.0;33.0;1;E;30.0;Ciseeng;Kab. Bogor;Jawa Barat;-6.446;106.691194444444
5009439;2023-12-30 06:20:00;;;;;75.0;33.0;3;E;30.0;Cisewu;Kab. Garut;Jawa Barat;-7.38;107.484
5009440;2023-12-30 06:20:00;;;;;55.0;33.0;1;E;30.0;Cisitu;Kab. Sumedang;Jawa Barat;-6.875;108.029
5009441;2023-12-30 06:20:00;;;;;75.0;33.0;61;E;30.0;Cisolok;Kab. Sukabumi;Jawa Barat;-6.88;106.493
5009442;2023-12-30 06:20:00;;;;;75.0;33.0;3;E;30.0;Cisompet;Kab. Garut;Jawa Barat;-7.537;107.748
5009443;2023-12-30 06:20:00;;;;;75.0;33.0;4;E;30.0;Cisurupan;Kab. Garut;Jawa Barat;-7.31;107.695
5009444;2023-12-30 06:20:00;;;;;75.0;33.0;3;E;30.0;Citamiang;Kota Sukabumi;Jawa Barat;-6.935;106.93
5009445;2023-12-30 06:20:00;;;;;75.0;33.0;3;E;30.0;Citeureup;Kab. Bogor;Jawa Barat;-6.502;106.892
5009446;2023-12-30 06:20:00;;;;;50.0;35.0;3;NE;20.0;Ciwaringin;Kab. Cirebon;Jawa Barat;-6.672;108.337
5009447;2023-12-30 06:20:00;;;;;55.0;35.0;61;E;30.0;Ciwaru;Kab. Kuningan;Jawa Barat;-7.085;108.562
5009448;2023-12-30 06:20:00;;;;;75.0;30.0;2;E;30.0;Ciwidey;Kab. Bandung;Jawa Barat;-7.1;107.4667
5009449;2023-12-30 06:20:00;;;;;75.0;30.0;2;E;30.0;Coblong;Kota Bandung;Jawa Barat;-6.881;107.598
5009450;2023-12-30 06:20:00;;;;;55.0;35.0;3;NE;20.0;Compreng;Kab. Subang;Jawa Barat;-6.42;107.87
5009451;2023-12-30 06:20:00;;;;;55.0;33.0;4;E;30.0;Congeang;Kab. Sumedang;Jawa Barat;-6.74;108.01
5009452;2023-12-30 06:20:00;;;;;75.0;33.0;1;E;30.0;Cugenang;Kab. Cianjur;Jawa Barat;-6.806;107.054
5009453;2023-12-30 06:20:00;;;;;75.0;33.0;2;E;30.0;Culamega;Kab. Tasikmalaya;Jawa Barat;-7.598;107.96
5009454;2023-12-30 06:20:00;;;;;75.0;33.0;4;E;30.0;Curugkembar;Kab. Sukabumi;Jawa Barat;-7.181;106.919
5009455;2023-12-30 06:20:00;;;;;70.0;33.0;1;E;30.0;Darangdan;Kab. Purwakarta;Jawa Barat;-6.67536;107.4267
5009456;2023-12-30 06:20:00;;;;;55.0;35.0;4;E;30.0;Darma;Kab. Kuningan;Jawa Barat;-7.008;108.416
5009457;2023-12-30 06:20:00;;;;;55.0;33.0;2;E;30.0;Darmajaya;Kab. Sumedang;Jawa Barat;-6.90795;108.05
5009458;2023-12-30 06:20:00;;;;;55.0;33.0;1;E;30.0;Dawuan;Kab. Majalengka;Jawa Barat;-6.725;108.169
5009459;2023-12-30 06:20:00;;;;;70.0;33.0;4;E;30.0;Dawuan;Kab. Subang;Jawa Barat;-6.565;107.61
5009460;2023-12-30 06:20:00;;;;;75.0;30.0;4;E;30.0;Dayeuhkolot;Kab. Bandung;Jawa Barat;-6.971;107.614
5009461;2023-12-30 06:20:00;;;;;50.0;35.0;1;E;30.0;Depok;Kab. Cirebon;Jawa Barat;-6.731;108.435
5009462;2023-12-30 06:20:00;;;;;75.0;33.0;2;E;30.0;Dramaga;Kab. Bogor;Jawa Barat;-6.55358;106.74983
5009463;2023-12-30 06:20:00;;;;;50.0;35.0;3;E;30.0;Dukupuntang;Kab. Cirebon;Jawa Barat;-6.754;108.469
5009464;2023-12-30 06:20:00;;;;;50.0;35.0;1;NE;20.0;Gabuswetan;Kab. Indramayu;Jawa Barat;-6.45;108.04
5009465;2023-12-30 06:20:00;;;;;55.0;31.0;1;E;30.0;Ganeas;Kab. Sumedang;Jawa Barat;-6.862;107.978
5009466;2023-12-30 06:20:00;;;;;55.0;35.0;2;NE;20.0;Gantar;Kab. Indramayu;Jawa Barat;-6.53;107.97
5009467;2023-12-30 06:20:00;;;;;55.0;35.0;60;E;30.0;Garawangi;Kab. Kuningan;Jawa Barat;-7.014;108.494
5009468;2023-12-30 06:20:00;;;;;75.0;33.0;2;E;30.0;Garut Kota;Kab. Garut;Jawa Barat;-7.231;107.898
5009469;2023-12-30 06:20:00;;;;;55.0;35.0;4;E;30.0;Gebang;Kab. Cirebon;Jawa Barat;-6.832;108.702
5009470;2023-12-30 06:20:00;;;;;75.0;30.0;2;E;30.0;Gedebage;Kota Bandung;Jawa Barat;-6.952;107.68
5009471;2023-12-30 06:20:00;;;;;75.0;33.0;1;E;30.0;Geger Bitung;Kab. Sukabumi;Jawa Barat;-7.008;106.995
5009472;2023-12-30 06:20:00;;;;;50.0;35.0;2;NE;20.0;Gegesik;Kab. Cirebon;Jawa Barat;-6.6;108.42
5009473;2023-12-30 06:20:00;;;;;75.0;33.0;4;E;30.0;Gekbrong;Kab. Cianjur;Jawa Barat;-6.863492;107.02759
5009474;2023-12-30 06:20:00;;;;;50.0;35.0;4;NE;20.0;Gempol;Kab. Cirebon;Jawa Barat;-6.423;108.215
5009475;2023-12-30 06:20:00;;;;;50.0;35.0;2;E;30.0;Greged (Greget);Kab. Cirebon;Jawa Barat;-6.816;108.532
5009476;2023-12-30 06:20:00;;;;;75.0;33.0;3;E;30.0;Gunung Guruh;Kab. Sukabumi;Jawa Barat;-6.884;106.864
5009477;2023-12-30 06:20:00;;;;;50.0;35.0;3;E;30.0;Gunung Jati (Cirebon Utara);Kab. Cirebon;Jawa Barat;-6.668;108.494
5009478;2023-12-30 06:20:00;;;;;75.0;33.0;2;E;30.0;Gunung Putri;Kab. Bogor;Jawa Barat;-6.441;106.906
5009479;2023-12-30 06:20:00;;;;;65.0;31.0;61;N;20.0;Gunung Sindur;Kab. Bogor;Jawa Barat;-6.388;106.687
5009480;2023-12-30 06:20:00;;;;;75.0;33.0;2;E;30.0;Gununghalu;Kab. Bandung Barat;Jawa Barat;-6.964;107.235
5009481;2023-12-30 06:20:00;;;;;75.0;33.0;3;E;30.0;Gunungpuyuh;Kota Sukabumi;Jawa Barat;-6.892;106.892
5009482;2023-12-30 06:20:00;;;;;75.0;33.0;2;E;30.0;Gunungtanjung;Kab. Tasikmalaya;Jawa Barat;-7.428;108.268
5009483;2023-12-30 06:20:00;;;;;55.0;35.0;61;E;30.0;Hantara;Kab. Kuningan;Jawa Barat;-7.059;108.424
5009484;2023-12-30 06:20:00;;;;;50.0;35.0;4;E;30.0;Harjamukti;Kota Cirebon;Jawa Barat;-6.76036;108.53203
5009485;2023-12-30 06:20:00;;;;;55.0;35.0;3;NE;20.0;Haurgeulis;Kab. Indramayu;Jawa Barat;-6.445;107.901
5009486;2023-12-30 06:20:00;;;;;75.0;33.0;3;E;30.0;Haurwangi;Kab. Cianjur;Jawa Barat;-6.848;107.297
5009487;2023-12-30 06:20:00;;;;;75.0;31.0;3;E;30.0;Ibun;Kab. Bandung;Jawa Barat;-7.115;107.771
5009488;2023-12-30 06:20:00;;;;;75.0;33.0;4;E;30.0;Indihiang;Kota Tasikmalaya;Jawa Barat;-7.291;108.184
5009489;2023-12-30 06:20:00;;;;;50.0;35.0;1;NE;20.0;Indramayu;Kab. Indramayu;Jawa Barat;-6.41;108.27
5009490;2023-12-30 06:20:00;;;;;55.0;35.0;2;E;30.0;Jalaksana;Kab. Kuningan;Jawa Barat;-6.917;108.432
5009491;2023-12-30 06:20:00;;;;;70.0;33.0;4;E;30.0;Jalan Cagak;Kab. Subang;Jawa Barat;-6.66;107.67
5009492;2023-12-30 06:20:00;;;;;75.0;33.0;1;E;30.0;Jamanis;Kab. Tasikmalaya;Jawa Barat;-7.187;108.146
5009493;2023-12-30 06:20:00;;;;;50.0;35.0;2;NE;20.0;Jamblang;Kab. Cirebon;Jawa Barat;-6.672;108.437
5009494;2023-12-30 06:20:00;;;;;75.0;33.0;4;E;30.0;Jampangkulon;Kab. Sukabumi;Jawa Barat;-7.26;106.63
5009495;2023-12-30 06:20:00;;;;;75.0;33.0;95;E;30.0;Jampangtengah;Kab. Sukabumi;Jawa Barat;-7.071;106.812
5009496;2023-12-30 06:20:00;;;;;55.0;35.0;3;E;30.0;Japara;Kab. Kuningan;Jawa Barat;-6.913;108.517
5009497;2023-12-30 06:20:00;;;;;75.0;33.0;2;E;30.0;Jasinga;Kab. Bogor;Jawa Barat;-6.47347222222222;106.468
5009498;2023-12-30 06:20:00;;;;;70.0;33.0;1;E;30.0;Jati Asih;Kota Bekasi;Jawa Barat;-6.293;106.96
5009499;2023-12-30 06:20:00;;;;;75.0;30.0;2;N;10.0;Jati Sampurna;Kota Bekasi;Jawa Barat;-6.369;106.919
5009500;2023-12-30 06:20:00;;;;;50.0;35.0;1;NE;20.0;Jatibarang;Kab. Indramayu;Jawa Barat;-6.449;108.247
5009501;2023-12-30 06:20:00;;;;;55.0;33.0;2;E;30.0;Jatigede;Kab. Sumedang;Jawa Barat;-6.877;108.147
5009502;2023-12-30 06:20:00;;;;;70.0;33.0;4;E;30.0;Jatiluhur;Kab. Purwakarta;Jawa Barat;-6.524;107.352
5009503;2023-12-30 06:20:00;;;;;75.0;33.0;95;E;30.0;Jatinagara;Kab. Ciamis;Jawa Barat;-7.186;108.368
5009504;2023-12-30 06:20:00;;;;;55.0;31.0;4;E;30.0;Jatinangor;Kab. Sumedang;Jawa Barat;-6.92222222222222;107.771944444444
5009505;2023-12-30 06:20:00;;;;;55.0;33.0;3;E;30.0;Jatinunggal;Kab. Sumedang;Jawa Barat;-6.947;108.16
5009506;2023-12-30 06:20:00;;;;;70.0;33.0;63;E;30.0;Jatisari;Kab. Karawang;Jawa Barat;-6.343775;107.526456
5009507;2023-12-30 06:20:00;;;;;50.0;35.0;1;NE;20.0;Jatitujuh;Kab. Majalengka;Jawa Barat;-6.664;108.286
5009508;2023-12-30 06:20:00;;;;;50.0;35.0;1;NE;20.0;Jatiwangi;Kab. Majalengka;Jawa Barat;-6.73;108.26
5009509;2023-12-30 06:20:00;;;;;75.0;33.0;60;E;30.0;Jatiwaras;Kab. Tasikmalaya;Jawa Barat;-7.504;108.162
5009510;2023-12-30 06:20:00;;;;;70.0;33.0;2;E;30.0;Jayakerta;Kab. Karawang;Jawa Barat;-6.052;107.273
5009511;2023-12-30 06:20:00;;;;;75.0;33.0;3;E;30.0;Jonggol;Kab. Bogor;Jawa Barat;-6.51;107.02
5009512;2023-12-30 06:20:00;;;;;50.0;35.0;4;NE;20.0;Juntinyuat;Kab. Indramayu;Jawa Barat;-6.43;108.44
5009513;2023-12-30 06:20:00;;;;;75.0;33.0;63;E;30.0;Kabandungan;Kab. Sukabumi;Jawa Barat;-6.785;106.586
5009514;2023-12-30 06:20:00;;;;;55.0;33.0;3;E;30.0;Kadipaten;Kab. Majalengka;Jawa Barat;-6.76;108.17
5009515;2023-12-30 06:20:00;;;;;75.0;33.0;2;E;30.0;Kadipaten;Kab. Tasikmalaya;Jawa Barat;-7.108;108.08
5009516;2023-12-30 06:20:00;;;;;75.0;33.0;61;E;30.0;Kadudampit;Kab. Sukabumi;Jawa Barat;-6.856;106.946
5009517;2023-12-30 06:20:00;;;;;55.0;35.0;2;E;30.0;Kadugede;Kab. Kuningan;Jawa Barat;-7.01;108.41
5009518;2023-12-30 06:20:00;;;;;75.0;33.0;1;E;30.0;Kadungora;Kab. Garut;Jawa Barat;-7.076;107.859
5009519;2023-12-30 06:20:00;;;;;75.0;33.0;2;E;30.0;Kadupandak;Kab. Cianjur;Jawa Barat;-7.232;107.036
5009520;2023-12-30 06:20:00;;;;;75.0;33.0;1;E;30.0;Kalapanunggal;Kab. Sukabumi;Jawa Barat;-7.004;106.92
5009521;2023-12-30 06:20:00;;;;;75.0;33.0;3;E;30.0;Kalibunder;Kab. Sukabumi;Jawa Barat;-7.237;106.735
5009522;2023-12-30 06:20:00;;;;;70.0;33.0;4;E;30.0;Kalijati;Kab. Subang;Jawa Barat;-6.541;107.692
5009523;2023-12-30 06:20:00;;;;;55.0;35.0;3;E;30.0;Kalimanggis;Kab. Kuningan;Jawa Barat;-6.949;108.593
5009524;2023-12-30 06:20:00;;;;;75.0;33.0;3;E;30.0;Kalipucang;Kab. Pangandaran;Jawa Barat;-7.631;108.638
5009525;2023-12-30 06:20:00;;;;;50.0;35.0;3;NE;20.0;Kaliwedi;Kab. Cirebon;Jawa Barat;-6.585;108.35
5009526;2023-12-30 06:20:00;;;;;50.0;35.0;3;NE;20.0;Kandanghaur;Kab. Indramayu;Jawa Barat;-6.359;108.054
5009527;2023-12-30 06:20:00;;;;;50.0;35.0;4;NE;20.0;Kapetakan;Kab. Cirebon;Jawa Barat;-6.567;108.471
5009528;2023-12-30 06:20:00;;;;;50.0;35.0;4;NE;20.0;Karangampel;Kab. Indramayu;Jawa Barat;-6.47;108.414
5009529;2023-12-30 06:20:00;;;;;70.0;33.0;3;E;30.0;Karangbahagia;Kab. Bekasi;Jawa Barat;-6.205;107.185
5009530;2023-12-30 06:20:00;;;;;75.0;33.0;1;E;30.0;Karangjaya;Kab. Tasikmalaya;Jawa Barat;-7.455;108.359
5009531;2023-12-30 06:20:00;;;;;55.0;35.0;60;E;30.0;Karangkancana;Kab. Kuningan;Jawa Barat;-7.101;108.658
5009532;2023-12-30 06:20:00;;;;;75.0;33.0;61;E;30.0;Karangnunggal;Kab. Tasikmalaya;Jawa Barat;-7.687;108.087
5009533;2023-12-30 06:20:00;;;;;75.0;33.0;1;E;30.0;Karangpawitan;Kab. Garut;Jawa Barat;-7.207;107.91
5009534;2023-12-30 06:20:00;;;;;50.0;35.0;4;E;30.0;Karangsembung;Kab. Cirebon;Jawa Barat;-6.844;108.627
5009535;2023-12-30 06:20:00;;;;;75.0;33.0;4;E;30.0;Karangtengah;Kab. Cianjur;Jawa Barat;-6.787;107.14
5009536;2023-12-30 06:20:00;;;;;75.0;33.0;4;E;30.0;Karangtengah;Kab. Garut;Jawa Barat;-7.155;108.015
5009537;2023-12-30 06:20:00;;;;;55.0;35.0;1;E;30.0;Karangwareng;Kab. Cirebon;Jawa Barat;-6.89;108.62
5009538;2023-12-30 06:20:00;;;;;70.0;33.0;63;E;30.0;Karawang Barat;Kab. Karawang;Jawa Barat;-6.255;107.285
5009539;2023-12-30 06:20:00;;;;;70.0;33.0;3;E;30.0;Karawang Timur;Kab. Karawang;Jawa Barat;-6.29;107.353
5009540;2023-12-30 06:20:00;;;;;55.0;33.0;1;E;30.0;Kasokandel;Kab. Majalengka;Jawa Barat;-6.778;108.194
5009541;2023-12-30 06:20:00;;;;;70.0;33.0;3;E;30.0;Kasomalang;Kab. Subang;Jawa Barat;-6.701;107.722
5009542;2023-12-30 06:20:00;;;;;75.0;30.0;2;E;30.0;Katapang;Kab. Bandung;Jawa Barat;-7.006;107.551
5009543;2023-12-30 06:20:00;;;;;75.0;33.0;63;E;30.0;Kawali;Kab. Ciamis;Jawa Barat;-7.13;108.35
5009544;2023-12-30 06:20:00;;;;;75.0;33.0;2;E;30.0;Kawalu;Kota Tasikmalaya;Jawa Barat;-7.404;108.164
5009545;2023-12-30 06:20:00;;;;;75.0;33.0;4;E;30.0;Kebonpedes;Kab. Sukabumi;Jawa Barat;-6.944;106.973
5009546;2023-12-30 06:20:00;;;;;50.0;35.0;3;E;30.0;Kedawung (Cirebon Barat);Kab. Cirebon;Jawa Barat;-6.716;108.514
5009547;2023-12-30 06:20:00;;;;;50.0;35.0;3;NE;20.0;Kedokan Bunder;Kab. Indramayu;Jawa Barat;-6.504;108.384
5009548;2023-12-30 06:20:00;;;;;70.0;33.0;60;E;30.0;Kedungwaringin;Kab. Bekasi;Jawa Barat;-6.248;107.247
5009549;2023-12-30 06:20:00;;;;;50.0;35.0;3;E;30.0;Kejaksaan;Kota Cirebon;Jawa Barat;-6.764;108.516
5009550;2023-12-30 06:20:00;;;;;75.0;33.0;2;E;30.0;Kemang;Kab. Bogor;Jawa Barat;-6.497;106.74
5009551;2023-12-30 06:20:00;;;;;75.0;33.0;3;E;30.0;Kersamanah;Kab. Garut;Jawa Barat;-7.074;107.989
5009552;2023-12-30 06:20:00;;;;;55.0;33.0;4;NE;20.0;Kertajati;Kab. Majalengka;Jawa Barat;-6.637;108.059
5009553;2023-12-30 06:20:00;;;;;75.0;33.0;60;E;30.0;Kertasari;Kab. Bandung;Jawa Barat;-7.242;107.669
5009554;2023-12-30 06:20:00;;;;;50.0;35.0;4;NE;20.0;Kertasemaya;Kab. Indramayu;Jawa Barat;-6.302;108.29
5009555;2023-12-30 06:20:00;;;;;70.0;33.0;3;E;30.0;Kiara Pedes;Kab. Purwakarta;Jawa Barat;-6.6458;107.57965
5009556;2023-12-30 06:20:00;;;;;75.0;30.0;3;E;30.0;Kiaracondong;Kota Bandung;Jawa Barat;-6.923;107.634
5009557;2023-12-30 06:20:00;;;;;50.0;35.0;3;NE;20.0;Klangenan;Kab. Cirebon;Jawa Barat;-6.681;108.414
5009558;2023-12-30 06:20:00;;;;;75.0;33.0;2;E;30.0;Klapanunggal;Kab. Bogor;Jawa Barat;-6.488;106.947
5009559;2023-12-30 06:20:00;;;;;70.0;33.0;95;E;30.0;Klari;Kab. Karawang;Jawa Barat;-6.327907;107.374125
5009560;2023-12-30 06:20:00;;;;;50.0;35.0;2;E;30.0;Kosambi;Kota Cirebon;Jawa Barat;-6.722;108.522
5009561;2023-12-30 06:20:00;;;;;70.0;33.0;60;E;30.0;Kotabaru;Kab. Karawang;Jawa Barat;-6.396;107.456
5009562;2023-12-30 06:20:00;;;;;55.0;35.0;1;E;30.0;Kramatmulya;Kab. Kuningan;Jawa Barat;-6.94;108.45
5009563;2023-12-30 06:20:00;;;;;50.0;35.0;2;NE;20.0;Krangkeng;Kab. Indramayu;Jawa Barat;-6.5;108.48
5009564;2023-12-30 06:20:00;;;;;55.0;35.0;1;NE;20.0;Kroya;Kab. Indramayu;Jawa Barat;-6.5;107.971
5009565;2023-12-30 06:20:00;;;;;55.0;35.0;1;E;30.0;Kuningan;Kab. Kuningan;Jawa Barat;-6.981;108.458
5009566;2023-12-30 06:20:00;;;;;70.0;33.0;4;E;30.0;Kutawaluya;Kab. Karawang;Jawa Barat;-6.162881;107.302719
5009567;2023-12-30 06:20:00;;;;;75.0;30.0;2;E;30.0;Kutawaringin;Kab. Bandung;Jawa Barat;-6.997;107.443
5009568;2023-12-30 06:20:00;;;;;75.0;33.0;4;E;30.0;Lakbok;Kab. Ciamis;Jawa Barat;-7.401;108.621
5009569;2023-12-30 06:20:00;;;;;75.0;33.0;4;E;30.0;Langensari;Kota Banjar;Jawa Barat;-7.371;108.596
5009570;2023-12-30 06:20:00;;;;;75.0;33.0;1;E;30.0;Langkaplancar;Kab. Pangandaran;Jawa Barat;-7.559;108.364
5009571;2023-12-30 06:20:00;;;;;55.0;35.0;2;E;30.0;Lebakwangi;Kab. Kuningan;Jawa Barat;-7.008;108.546
5009572;2023-12-30 06:20:00;;;;;50.0;35.0;2;NE;20.0;Legon Kulon;Kab. Subang;Jawa Barat;-6.23;107.792
5009573;2023-12-30 06:20:00;;;;;50.0;35.0;1;NE;20.0;Lelea;Kab. Indramayu;Jawa Barat;-6.481;108.156
5009574;2023-12-30 06:20:00;;;;;75.0;33.0;3;E;30.0;Leles;Kab. Cianjur;Jawa Barat;-7.359;107.015
5009575;2023-12-30 06:20:00;;;;;75.0;33.0;1;E;30.0;Leles;Kab. Garut;Jawa Barat;-7.19;107.9
5009576;2023-12-30 06:20:00;;;;;50.0;35.0;2;E;30.0;Lemahabang;Kab. Cirebon;Jawa Barat;-6.83;108.62
5009577;2023-12-30 06:20:00;;;;;70.0;33.0;1;E;30.0;Lemahabang;Kab. Karawang;Jawa Barat;-6.272369;107.466158
5009578;2023-12-30 06:20:00;;;;;55.0;33.0;1;E;30.0;Lemahsugih;Kab. Majalengka;Jawa Barat;-6.82;108.34
5009579;2023-12-30 06:20:00;;;;;50.0;35.0;2;E;30.0;Lemahwungkuk;Kota Cirebon;Jawa Barat;-6.755;108.507
5009580;2023-12-30 06:20:00;;;;;70.0;26.0;3;E;30.0;Lembang;Kab. Bandung Barat;Jawa Barat;-6.81;107.62
5009581;2023-12-30 06:20:00;;;;;75.0;33.0;3;E;30.0;Lembursitu;Kota Sukabumi;Jawa Barat;-6.96;106.867
5009582;2023-12-30 06:20:00;;;;;75.0;33.0;63;E;30.0;Lengkong;Kab. Sukabumi;Jawa Barat;-7.25714;106.6857
5009583;2023-12-30 06:20:00;;;;;75.0;30.0;1;E;30.0;Lengkong;Kota Bandung;Jawa Barat;-6.934;107.605
5009584;2023-12-30 06:20:00;;;;;75.0;33.0;3;E;30.0;Leuwigoong;Kab. Garut;Jawa Barat;-7.115;107.914
5009585;2023-12-30 06:20:00;;;;;75.0;33.0;63;E;30.0;Leuwiliang;Kab. Bogor;Jawa Barat;-6.5635;106.62983
5009586;2023-12-30 06:20:00;;;;;50.0;35.0;1;NE;20.0;Leuwimunding;Kab. Majalengka;Jawa Barat;-6.743;108.306
5009587;2023-12-30 06:20:00;;;;;75.0;33.0;1;E;30.0;Leuwisadeng;Kab. Bogor;Jawa Barat;-6.555;106.579
5009588;2023-12-30 06:20:00;;;;;75.0;33.0;2;E;30.0;Leuwisari;Kab. Tasikmalaya;Jawa Barat;-7.302;108.059
5009589;2023-12-30 06:20:00;;;;;50.0;35.0;4;NE;20.0;Ligung;Kab. Majalengka;Jawa Barat;-6.662;108.214
5009590;2023-12-30 06:20:00;;;;;75.0;33.0;4;E;30.0;Limbangan;Kab. Garut;Jawa Barat;-7.036;107.973
5009591;2023-12-30 06:20:00;;;;;75.0;33.0;60;E;30.0;Limo;Kota Depok;Jawa Barat;-6.366;106.78
5009592;2023-12-30 06:20:00;;;;;50.0;35.0;4;NE;20.0;Lohbener;Kab. Indramayu;Jawa Barat;-6.4;108.216
5009593;2023-12-30 06:20:00;;;;;50.0;35.0;4;NE;20.0;Losarang;Kab. Indramayu;Jawa Barat;-6.41;108.15
5009594;2023-12-30 06:20:00;;;;;50.0;35.0;1;E;30.0;Losari;Kab. Cirebon;Jawa Barat;-6.793;108.735
5009595;2023-12-30 06:20:00;;;;;75.0;33.0;60;E;30.0;Lumbung;Kab. Ciamis;Jawa Barat;-7.154;108.294
5009596;2023-12-30 06:20:00;;;;;55.0;35.0;1;E;30.0;Luragung;Kab. Kuningan;Jawa Barat;-7.021;108.593
5009597;2023-12-30 06:20:00;;;;;55.0;33.0;3;E;30.0;Maja;Kab. Majalengka;Jawa Barat;-6.9;108.23
5009598;2023-12-30 06:20:00;;;;;75.0;31.0;1;E;30.0;Majalaya;Kab. Bandung;Jawa Barat;-7.015;107.764
5009599;2023-12-30 06:20:00;;;;;70.0;33.0;95;E;30.0;Majalaya;Kab. Karawang;Jawa Barat;-6.308608;107.367568
5009600;2023-12-30 06:20:00;;;;;55.0;33.0;1;E;30.0;Majalengka;Kab. Majalengka;Jawa Barat;-6.833;108.233
5009601;2023-12-30 06:20:00;;;;;75.0;33.0;1;E;30.0;Malangbong;Kab. Garut;Jawa Barat;-7.06;108.06
5009602;2023-12-30 06:20:00;;;;;55.0;33.0;1;E;30.0;Malausma;Kab. Majalengka;Jawa Barat;-7.035;108.205
5009603;2023-12-30 06:20:00;;;;;55.0;35.0;61;E;30.0;Maleber;Kab. Kuningan;Jawa Barat;-7.054;108.542
5009604;2023-12-30 06:20:00;;;;;75.0;30.0;2;E;30.0;Mandalajati;Kota Bandung;Jawa Barat;-6.895;107.663
5009605;2023-12-30 06:20:00;;;;;75.0;29.0;4;E;30.0;Mande;Kab. Cianjur;Jawa Barat;-6.77;107.2
5009606;2023-12-30 06:20:00;;;;;50.0;35.0;4;E;30.0;Mandirancan;Kab. Kuningan;Jawa Barat;-6.841;108.379
5009607;2023-12-30 06:20:00;;;;;75.0;33.0;4;E;30.0;Mangkubumi;Kota Tasikmalaya;Jawa Barat;-7.345;108.152
5009608;2023-12-30 06:20:00;;;;;75.0;33.0;3;E;30.0;Mangunjaya;Kab. Pangandaran;Jawa Barat;-7.477;108.676
5009609;2023-12-30 06:20:00;;;;;75.0;33.0;3;E;30.0;Mangunreja;Kab. Tasikmalaya;Jawa Barat;-7.384;108.054
5009610;2023-12-30 06:20:00;;;;;75.0;29.0;4;E;30.0;Maniis;Kab. Purwakarta;Jawa Barat;-6.679;107.274
5009611;2023-12-30 06:20:00;;;;;75.0;33.0;60;E;30.0;Manonjaya;Kab. Tasikmalaya;Jawa Barat;-7.379;108.283
5009612;2023-12-30 06:20:00;;;;;75.0;30.0;2;E;30.0;Margaasih;Kab. Bandung;Jawa Barat;-6.955;107.544
5009613;2023-12-30 06:20:00;;;;;75.0;30.0;3;E;30.0;Margahayu;Kab. Bandung;Jawa Barat;-6.978;107.576
5009614;2023-12-30 06:20:00;;;;;85.0;28.0;1;N;0.0;Medan Satria;Kota Bekasi;Jawa Barat;-6.194;106.973
5009615;2023-12-30 06:20:00;;;;;75.0;33.0;63;E;30.0;Megamendung;Kab. Bogor;Jawa Barat;-6.65;106.884
5009616;2023-12-30 06:20:00;;;;;75.0;33.0;1;E;30.0;Mekarmukti;Kab. Garut;Jawa Barat;-7.524;107.519
5009617;2023-12-30 06:20:00;;;;;70.0;33.0;4;E;30.0;Muara Gembong;Kab. Bekasi;Jawa Barat;-5.987;107.04
5009618;2023-12-30 06:20:00;;;;;50.0;35.0;3;E;30.0;Mundu;Kab. Cirebon;Jawa Barat;-6.79;108.57
5009619;2023-12-30 06:20:00;;;;;75.0;33.0;2;E;30.0;Mustika Jaya;Kota Bekasi;Jawa Barat;-6.288;107.028
5009620;2023-12-30 06:20:00;;;;;75.0;33.0;60;E;30.0;Nagrak;Kab. Sukabumi;Jawa Barat;-6.826;106.82
5009621;2023-12-30 06:20:00;;;;;75.0;33.0;3;E;30.0;Nagreg;Kab. Bandung;Jawa Barat;-7.029;107.882
5009622;2023-12-30 06:20:00;;;;;75.0;33.0;60;E;30.0;Nanggung;Kab. Bogor;Jawa Barat;-6.657;106.658
5009623;2023-12-30 06:20:00;;;;;75.0;33.0;60;E;30.0;Naringgul;Kab. Cianjur;Jawa Barat;-7.324;107.349
5009624;2023-12-30 06:20:00;;;;;75.0;30.0;2;E;30.0;Ngamprah;Kab. Bandung Barat;Jawa Barat;-6.842;107.509
5009625;2023-12-30 06:20:00;;;;;55.0;33.0;1;E;30.0;Nusaherang;Kab. Kuningan;Jawa Barat;-7.014;108.397
5009626;2023-12-30 06:20:00;;;;;75.0;33.0;4;E;30.0;Nyalindung;Kab. Sukabumi;Jawa Barat;-7.004;106.92
5009627;2023-12-30 06:20:00;;;;;55.0;35.0;4;E;30.0;Pabedilan;Kab. Cirebon;Jawa Barat;-6.862;108.74
5009628;2023-12-30 06:20:00;;;;;55.0;35.0;3;E;30.0;Pabuaran;Kab. Cirebon;Jawa Barat;-6.896;108.702
5009629;2023-12-30 06:20:00;;;;;70.0;33.0;4;E;30.0;Pabuaran;Kab. Subang;Jawa Barat;-6.42;107.59
5009630;2023-12-30 06:20:00;;;;;75.0;33.0;60;E;30.0;Pabuaran;Kab. Sukabumi;Jawa Barat;-7.214;106.66
5009631;2023-12-30 06:20:00;;;;;75.0;31.0;60;E;30.0;Pacet;Kab. Bandung;Jawa Barat;-7.122;107.694
5009632;2023-12-30 06:20:00;;;;;75.0;29.0;1;E;30.0;Pacet;Kab. Cianjur;Jawa Barat;-6.71265;107.00633
5009633;2023-12-30 06:20:00;;;;;75.0;33.0;4;E;30.0;Padaherang;Kab. Pangandaran;Jawa Barat;-7.546;108.609
5009634;2023-12-30 06:20:00;;;;;75.0;33.0;4;E;30.0;Padakembang;Kab. Tasikmalaya;Jawa Barat;-7.311;108.086
5009635;2023-12-30 06:20:00;;;;;75.0;30.0;2;E;30.0;Padalarang;Kab. Bandung Barat;Jawa Barat;-6.829;107.469
5009636;2023-12-30 06:20:00;;;;;70.0;33.0;2;E;30.0;Pagaden;Kab. Subang;Jawa Barat;-6.55;107.81
5009637;2023-12-30 06:20:00;;;;;70.0;33.0;1;E;30.0;Pagaden Barat;Kab. Subang;Jawa Barat;-6.486;107.702
5009638;2023-12-30 06:20:00;;;;;75.0;33.0;60;E;30.0;Pagelaran;Kab. Cianjur;Jawa Barat;-7.2111;107.14072
5009639;2023-12-30 06:20:00;;;;;75.0;33.0;2;E;30.0;Pagerageung;Kab. Tasikmalaya;Jawa Barat;-7.096;108.104
5009640;2023-12-30 06:20:00;;;;;75.0;33.0;1;E;30.0;Pakenjeng;Kab. Garut;Jawa Barat;-7.486;107.617
5009641;2023-12-30 06:20:00;;;;;70.0;33.0;3;E;30.0;Pakisjaya;Kab. Karawang;Jawa Barat;-5.997854;107.115478
5009642;2023-12-30 06:20:00;;;;;50.0;35.0;1;NE;20.0;Palasah;Kab. Majalengka;Jawa Barat;-6.74;108.263
5009643;2023-12-30 06:20:00;;;;;50.0;35.0;4;NE;20.0;Palimanan;Kab. Cirebon;Jawa Barat;-6.442;108.254
5009644;2023-12-30 06:20:00;;;;;50.0;35.0;2;NE;20.0;Pamanukan;Kab. Subang;Jawa Barat;-6.308;107.766
5009645;2023-12-30 06:20:00;;;;;75.0;33.0;2;E;30.0;Pamarican;Kab. Ciamis;Jawa Barat;-7.462;108.501
5009646;2023-12-30 06:20:00;;;;;75.0;30.0;3;E;30.0;Pameungpeuk;Kab. Bandung;Jawa Barat;-7.015;107.569
5009647;2023-12-30 06:20:00;;;;;75.0;33.0;1;E;30.0;Pameungpeuk;Kab. Garut;Jawa Barat;-7.621;107.693
5009648;2023-12-30 06:20:00;;;;;75.0;33.0;63;E;30.0;Pamijahan;Kab. Bogor;Jawa Barat;-6.679;106.659
5009649;2023-12-30 06:20:00;;;;;75.0;33.0;1;E;30.0;Pamulihan;Kab. Garut;Jawa Barat;-7.267;107.749
5009650;2023-12-30 06:20:00;;;;;55.0;31.0;1;E;30.0;Pamulihan;Kab. Sumedang;Jawa Barat;-6.9;107.934
5009651;2023-12-30 06:20:00;;;;;75.0;33.0;63;E;30.0;Panawangan;Kab. Ciamis;Jawa Barat;-7.102;108.348
5009652;2023-12-30 06:20:00;;;;;50.0;35.0;1;E;30.0;Pancalang;Kab. Kuningan;Jawa Barat;-6.822;108.457
5009653;2023-12-30 06:20:00;;;;;75.0;33.0;61;E;30.0;Pancatengah;Kab. Tasikmalaya;Jawa Barat;-7.684;108.16
5009654;2023-12-30 06:20:00;;;;;75.0;33.0;4;E;30.0;Pancoran mas;Kota Depok;Jawa Barat;-6.407;106.802
5009655;2023-12-30 06:20:00;;;;;75.0;33.0;1;E;30.0;Pangalengan;Kab. Bandung;Jawa Barat;-7.198;107.571
5009656;2023-12-30 06:20:00;;;;;75.0;33.0;1;E;30.0;Pangandaran;Kab. Pangandaran;Jawa Barat;-7.683;108.641
5009657;2023-12-30 06:20:00;;;;;75.0;33.0;4;E;30.0;Pangatikan;Kab. Garut;Jawa Barat;-7.173;107.988
5009658;2023-12-30 06:20:00;;;;;50.0;35.0;2;E;30.0;Pangenan;Kab. Cirebon;Jawa Barat;-6.801;108.633
5009659;2023-12-30 06:20:00;;;;;70.0;33.0;2;E;30.0;Pangkalan;Kab. Karawang;Jawa Barat;-6.438982;107.2329
5009660;2023-12-30 06:20:00;;;;;50.0;35.0;4;NE;20.0;Panguragan;Kab. Cirebon;Jawa Barat;-6.613;108.422
5009661;2023-12-30 06:20:00;;;;;75.0;33.0;60;E;30.0;Panjalu;Kab. Ciamis;Jawa Barat;-7.171;108.242
5009662;2023-12-30 06:20:00;;;;;75.0;33.0;1;E;30.0;Panumbangan;Kab. Ciamis;Jawa Barat;-7.123;108.146
5009663;2023-12-30 06:20:00;;;;;75.0;30.0;4;E;30.0;Panyileukan;Kota Bandung;Jawa Barat;-6.932;107.689
5009664;2023-12-30 06:20:00;;;;;55.0;33.0;3;E;30.0;Panyingkiran;Kab. Majalengka;Jawa Barat;-6.815;108.145
5009665;2023-12-30 06:20:00;;;;;75.0;33.0;2;E;30.0;Parakan Salak;Kab. Sukabumi;Jawa Barat;-6.79806;106.70722
5009666;2023-12-30 06:20:00;;;;;75.0;33.0;3;E;30.0;Parigi;Kab. Pangandaran;Jawa Barat;-7.702;108.496
5009667;2023-12-30 06:20:00;;;;;70.0;26.0;3;E;30.0;Parompong;Kab. Bandung Barat;Jawa Barat;-6.767;107.593
5009668;2023-12-30 06:20:00;;;;;75.0;33.0;1;E;30.0;Parung;Kab. Bogor;Jawa Barat;-6.43;106.72
5009669;2023-12-30 06:20:00;;;;;75.0;33.0;4;E;30.0;Parung Panjang;Kab. Bogor;Jawa Barat;-6.38;106.55
5009670;2023-12-30 06:20:00;;;;;75.0;33.0;3;E;30.0;Parungkuda;Kab. Sukabumi;Jawa Barat;-6.843;106.743
5009671;2023-12-30 06:20:00;;;;;75.0;33.0;1;E;30.0;Parungponteng;Kab. Tasikmalaya;Jawa Barat;-7.49;108.096
5009672;2023-12-30 06:20:00;;;;;55.0;35.0;1;E;30.0;Pasaleman;Kab. Cirebon;Jawa Barat;-6.926;108.722
5009673;2023-12-30 06:20:00;;;;;50.0;35.0;3;E;30.0;Pasawahan;Kab. Kuningan;Jawa Barat;-6.838;108.361
5009674;2023-12-30 06:20:00;;;;;70.0;33.0;4;E;30.0;Pasawahan;Kab. Purwakarta;Jawa Barat;-6.536;107.513
5009675;2023-12-30 06:20:00;;;;;75.0;31.0;3;E;30.0;Paseh;Kab. Bandung;Jawa Barat;-7.058;107.758
5009676;2023-12-30 06:20:00;;;;;55.0;35.0;4;NE;20.0;Paseh;Kab. Sumedang;Jawa Barat;-6.4781;108.0044
5009677;2023-12-30 06:20:00;;;;;50.0;35.0;2;NE;20.0;Pasekan;Kab. Indramayu;Jawa Barat;-6.279;108.267
5009678;2023-12-30 06:20:00;;;;;75.0;33.0;2;E;30.0;Pasirjambu;Kab. Bandung;Jawa Barat;-7.2057;107.40278
5009679;2023-12-30 06:20:00;;;;;75.0;33.0;60;E;30.0;Pasirkuda;Kab. Cianjur;Jawa Barat;-7.182;107.248
5009680;2023-12-30 06:20:00;;;;;75.0;33.0;3;E;30.0;Pasirwangi;Kab. Garut;Jawa Barat;-7.206;107.736
5009681;2023-12-30 06:20:00;;;;;75.0;33.0;60;E;30.0;Pataruman;Kota Banjar;Jawa Barat;-7.391;108.524
5009682;2023-12-30 06:20:00;;;;;70.0;33.0;60;E;30.0;Patok Beusi;Kab. Subang;Jawa Barat;-6.368;107.553
5009683;2023-12-30 06:20:00;;;;;50.0;35.0;2;NE;20.0;Patrol;Kab. Indramayu;Jawa Barat;-6.3;107.98
5009684;2023-12-30 06:20:00;;;;;70.0;33.0;61;E;30.0;Pebayuran;Kab. Bekasi;Jawa Barat;-6.14;107.24
5009685;2023-12-30 06:20:00;;;;;70.0;33.0;3;E;30.0;Pedes;Kab. Karawang;Jawa Barat;-6.124798;107.386819
5009686;2023-12-30 06:20:00;;;;;50.0;35.0;2;E;30.0;Pekalipan;Kota Cirebon;Jawa Barat;-6.723;108.555
5009687;2023-12-30 06:20:00;;;;;75.0;33.0;3;E;30.0;Peundeuy;Kab. Garut;Jawa Barat;-7.549;107.874
5009688;2023-12-30 06:20:00;;;;;50.0;35.0;3;E;30.0;Plered;Kab. Cirebon;Jawa Barat;-6.671;108.508
5009689;2023-12-30 06:20:00;;;;;70.0;33.0;1;E;30.0;Plered;Kab. Purwakarta;Jawa Barat;-6.649;107.346
5009690;2023-12-30 06:20:00;;;;;50.0;35.0;4;E;30.0;Plumbon;Kab. Cirebon;Jawa Barat;-6.715;108.437
5009691;2023-12-30 06:20:00;;;;;70.0;33.0;60;E;30.0;Pondok Gede;Kota Bekasi;Jawa Barat;-6.278;106.913
5009692;2023-12-30 06:20:00;;;;;70.0;33.0;1;E;30.0;Pondok Melati;Kota Bekasi;Jawa Barat;-6.313;106.924
5009693;2023-12-30 06:20:00;;;;;70.0;33.0;1;E;30.0;Pondok Salam;Kab. Purwakarta;Jawa Barat;-6.61883;107.4978
5009694;2023-12-30 06:20:00;;;;;75.0;33.0;60;E;30.0;Purabaya;Kab. Sukabumi;Jawa Barat;-7.088;106.892
5009695;2023-12-30 06:20:00;;;;;75.0;33.0;1;E;30.0;Purbaratu;Kota Tasikmalaya;Jawa Barat;-7.331;108.239
5009696;2023-12-30 06:20:00;;;;;75.0;33.0;2;E;30.0;Purwadadi;Kab. Ciamis;Jawa Barat;-7.422;108.627
5009697;2023-12-30 06:20:00;;;;;70.0;33.0;3;E;30.0;Purwadadi;Kab. Subang;Jawa Barat;-6.451;107.655
5009698;2023-12-30 06:20:00;;;;;75.0;33.0;61;E;30.0;Purwaharja;Kota Banjar;Jawa Barat;-7.348;108.536
5009699;2023-12-30 06:20:00;;;;;70.0;33.0;4;E;30.0;Purwakarta;Kab. Purwakarta;Jawa Barat;-6.53;107.45
5009700;2023-12-30 06:20:00;;;;;70.0;33.0;63;E;30.0;Purwasari;Kab. Karawang;Jawa Barat;-6.372;107.409
5009701;2023-12-30 06:20:00;;;;;50.0;35.0;3;NE;20.0;Pusakajaya;Kab. Subang;Jawa Barat;-6.308;107.851
5009702;2023-12-30 06:20:00;;;;;50.0;35.0;1;NE;20.0;Pusakanagara;Kab. Subang;Jawa Barat;-6.27;107.91
5009703;2023-12-30 06:20:00;;;;;75.0;33.0;2;E;30.0;Puspahiang;Kab. Tasikmalaya;Jawa Barat;-7.423;107.946
5009704;2023-12-30 06:20:00;;;;;75.0;33.0;95;E;30.0;Rajadesa;Kab. Ciamis;Jawa Barat;-7.178;108.385
5009705;2023-12-30 06:20:00;;;;;55.0;33.0;2;E;30.0;Rajagaluh;Kab. Majalengka;Jawa Barat;-6.833;108.294
5009706;2023-12-30 06:20:00;;;;;75.0;33.0;3;E;30.0;Rajapolah;Kab. Tasikmalaya;Jawa Barat;-7.216;108.145
5009707;2023-12-30 06:20:00;;;;;75.0;33.0;1;E;30.0;Ranca Bungur;Kab. Bogor;Jawa Barat;-6.518;106.703
5009708;2023-12-30 06:20:00;;;;;75.0;33.0;60;E;30.0;Rancabali;Kab. Bandung;Jawa Barat;-7.19;107.33
5009709;2023-12-30 06:20:00;;;;;55.0;31.0;3;E;30.0;Rancaekek;Kab. Bandung;Jawa Barat;-6.977;107.765
5009710;2023-12-30 06:20:00;;;;;75.0;33.0;95;E;30.0;Rancah;Kab. Ciamis;Jawa Barat;-7.235;108.428
5009711;2023-12-30 06:20:00;;;;;55.0;31.0;1;E;30.0;Rancakalong;Kab. Sumedang;Jawa Barat;-6.729;107.874
5009712;2023-12-30 06:20:00;;;;;75.0;30.0;2;E;30.0;Rancasari;Kota Bandung;Jawa Barat;-6.953;107.655
5009713;2023-12-30 06:20:00;;;;;75.0;33.0;3;E;30.0;Rawalumbu;Kota Bekasi;Jawa Barat;-6.292;106.973
5009714;2023-12-30 06:20:00;;;;;70.0;33.0;60;E;30.0;Rawamerta;Kab. Karawang;Jawa Barat;-6.23746;107.343975
5009715;2023-12-30 06:20:00;;;;;75.0;30.0;1;E;30.0;Regol;Kota Bandung;Jawa Barat;-6.939;107.595
5009716;2023-12-30 06:20:00;;;;;70.0;33.0;61;E;30.0;Rengasdengklok;Kab. Karawang;Jawa Barat;-6.163694;107.3
5009717;2023-12-30 06:20:00;;;;;75.0;33.0;2;E;30.0;Rongga;Kab. Bandung Barat;Jawa Barat;-7.03;107.32
5009718;2023-12-30 06:20:00;;;;;75.0;33.0;1;E;30.0;Rumpin;Kab. Bogor;Jawa Barat;-6.418;106.621
5009719;2023-12-30 06:20:00;;;;;75.0;33.0;61;E;30.0;Sadananya;Kab. Ciamis;Jawa Barat;-7.257;108.238
5009720;2023-12-30 06:20:00;;;;;70.0;33.0;1;E;30.0;Sagalaherang;Kab. Subang;Jawa Barat;-6.683;107.584
5009721;2023-12-30 06:20:00;;;;;75.0;33.0;60;E;30.0;Sagaranten;Kab. Sukabumi;Jawa Barat;-7.21;106.894
5009722;2023-12-30 06:20:00;;;;;75.0;30.0;2;E;30.0;Saguling;Kab. Bandung Barat;Jawa Barat;-6.94749;107.408
5009723;2023-12-30 06:20:00;;;;;75.0;33.0;3;E;30.0;Salawu;Kab. Tasikmalaya;Jawa Barat;-7.368;107.916
5009724;2023-12-30 06:20:00;;;;;75.0;33.0;3;E;30.0;Salopa;Kab. Tasikmalaya;Jawa Barat;-7.493;108.214
5009725;2023-12-30 06:20:00;;;;;75.0;33.0;3;E;30.0;Samarang;Kab. Garut;Jawa Barat;-7.213;107.83
5009726;2023-12-30 06:20:00;;;;;75.0;33.0;2;E;30.0;Sariwangi;Kab. Tasikmalaya;Jawa Barat;-7.294;108.025
5009727;2023-12-30 06:20:00;;;;;75.0;33.0;4;E;30.0;Sawangan;Kota Depok;Jawa Barat;-6.385;106.847
5009728;2023-12-30 06:20:00;;;;;55.0;35.0;4;E;30.0;Sedong;Kab. Cirebon;Jawa Barat;-6.871;108.54
5009729;2023-12-30 06:20:00;;;;;75.0;33.0;2;E;30.0;Selaawi;Kab. Garut;Jawa Barat;-6.997;107.974
5009730;2023-12-30 06:20:00;;;;;75.0;33.0;63;E;30.0;Selajambe;Kab. Kuningan;Jawa Barat;-7.107;108.429
5009731;2023-12-30 06:20:00;;;;;70.0;33.0;1;E;30.0;Serang Baru;Kab. Bekasi;Jawa Barat;-6.375;107.113
5009732;2023-12-30 06:20:00;;;;;70.0;33.0;4;E;30.0;Serangpanjang;Kab. Subang;Jawa Barat;-6.654;107.545
5009733;2023-12-30 06:20:00;;;;;70.0;33.0;4;E;30.0;Setu;Kab. Bekasi;Jawa Barat;-6.3431;107.0438
5009734;2023-12-30 06:20:00;;;;;75.0;33.0;1;E;30.0;Sidamulih;Kab. Pangandaran;Jawa Barat;-7.619;108.515
5009735;2023-12-30 06:20:00;;;;;75.0;33.0;60;E;30.0;Simpenan;Kab. Sukabumi;Jawa Barat;-7.094;106.529
5009736;2023-12-30 06:20:00;;;;;50.0;35.0;4;NE;20.0;Sindang;Kab. Indramayu;Jawa Barat;-6.338;108.256
5009737;2023-12-30 06:20:00;;;;;55.0;33.0;3;E;30.0;Sindang;Kab. Majalengka;Jawa Barat;-6.833;108.299
5009738;2023-12-30 06:20:00;;;;;55.0;35.0;3;E;30.0;Sindangagung;Kab. Kuningan;Jawa Barat;-6.967;108.511
5009739;2023-12-30 06:20:00;;;;;75.0;33.0;3;E;30.0;Sindangbarang;Kab. Cianjur;Jawa Barat;-7.452801;107.137886
5009740;2023-12-30 06:20:00;;;;;75.0;33.0;3;E;30.0;Sindangkasih;Kab. Ciamis;Jawa Barat;-7.289;108.201
5009741;2023-12-30 06:20:00;;;;;75.0;30.0;1;E;30.0;Sindangkerta;Kab. Bandung Barat;Jawa Barat;-6.99;107.4
5009742;2023-12-30 06:20:00;;;;;55.0;33.0;2;E;30.0;Sindangwangi;Kab. Majalengka;Jawa Barat;-6.823;108.306
5009743;2023-12-30 06:20:00;;;;;75.0;33.0;4;E;30.0;Singajaya;Kab. Garut;Jawa Barat;-7.499;107.913
5009744;2023-12-30 06:20:00;;;;;75.0;33.0;1;E;30.0;Singaparna;Kab. Tasikmalaya;Jawa Barat;-7.347;108.092
5009745;2023-12-30 06:20:00;;;;;55.0;33.0;1;E;30.0;Situraja;Kab. Sumedang;Jawa Barat;-6.844;108.007
5009746;2023-12-30 06:20:00;;;;;50.0;35.0;3;NE;20.0;Sliyeg;Kab. Indramayu;Jawa Barat;-6.445;108.28
5009747;2023-12-30 06:20:00;;;;;75.0;33.0;4;E;30.0;Sodonghilir;Kab. Tasikmalaya;Jawa Barat;-7.488;108.053
5009748;2023-12-30 06:20:00;;;;;75.0;31.0;2;E;30.0;Solokan Jeruk;Kab. Bandung;Jawa Barat;-7.01992;107.7493
5009750;2023-12-30 06:20:00;;;;;75.0;33.0;63;E;30.0;Subang;Kab. Kuningan;Jawa Barat;-7.131;108.52
5009752;2023-12-30 06:20:00;;;;;75.0;33.0;2;E;30.0;Sucinaraja;Kab. Garut;Jawa Barat;-7.215;107.983
5009753;2023-12-30 06:20:00;;;;;75.0;33.0;2;E;30.0;Kota Sukabumi;Kota Sukabumi;Jawa Barat;-6.861;106.956
5009754;2023-12-30 06:20:00;;;;;75.0;33.0;95;E;30.0;Sukadana;Kab. Ciamis;Jawa Barat;-7.27;108.415
5009755;2023-12-30 06:20:00;;;;;50.0;35.0;3;NE;20.0;Sukagumiwang;Kab. Indramayu;Jawa Barat;-6.605;108.3
5009756;2023-12-30 06:20:00;;;;;55.0;33.0;1;E;30.0;Sukahaji;Kab. Majalengka;Jawa Barat;-6.81;108.29
5009757;2023-12-30 06:20:00;;;;;75.0;33.0;2;E;30.0;Sukahening;Kab. Tasikmalaya;Jawa Barat;-7.212;108.082
5009758;2023-12-30 06:20:00;;;;;75.0;30.0;3;E;30.0;Sukajadi;Kota Bandung;Jawa Barat;-6.883;107.595
5009759;2023-12-30 06:20:00;;;;;75.0;33.0;1;E;30.0;Sukajaya;Kab. Bogor;Jawa Barat;-6.64;106.461
5009760;2023-12-30 06:20:00;;;;;70.0;33.0;4;E;30.0;Sukakarya;Kab. Bekasi;Jawa Barat;-6.135;107.183
5009761;2023-12-30 06:20:00;;;;;75.0;33.0;4;E;30.0;Sukalarang;Kab. Sukabumi;Jawa Barat;-6.898;106.82
5009762;2023-12-30 06:20:00;;;;;75.0;33.0;2;E;30.0;Sukaluyu;Kab. Cianjur;Jawa Barat;-6.834;107.204
5009763;2023-12-30 06:20:00;;;;;75.0;33.0;95;E;30.0;Sukamakmur;Kab. Bogor;Jawa Barat;-6.612;107.014
5009764;2023-12-30 06:20:00;;;;;75.0;33.0;60;E;30.0;Sukamantri;Kab. Ciamis;Jawa Barat;-7.08;108.212
5009765;2023-12-30 06:20:00;;;;;75.0;33.0;61;E;30.0;Sukanagara;Kab. Cianjur;Jawa Barat;-7.01;107.07
5009766;2023-12-30 06:20:00;;;;;75.0;33.0;63;E;30.0;Sukaraja;Kab. Bogor;Jawa Barat;-6.556;106.851
5009767;2023-12-30 06:20:00;;;;;75.0;33.0;4;E;30.0;Sukaraja;Kab. Sukabumi;Jawa Barat;-6.88;107.004
5009768;2023-12-30 06:20:00;;;;;75.0;33.0;4;E;30.0;Sukaraja;Kab. Tasikmalaya;Jawa Barat;-7.441;108.124
5009769;2023-12-30 06:20:00;;;;;75.0;33.0;1;E;30.0;Sukarame;Kab. Tasikmalaya;Jawa Barat;-7.372;108.132
5009770;2023-12-30 06:20:00;;;;;75.0;33.0;3;E;30.0;Sukaratu;Kab. Tasikmalaya;Jawa Barat;-7.35;108.11
5009771;2023-12-30 06:20:00;;;;;75.0;33.0;3;E;30.0;Sukaresik;Kab. Tasikmalaya;Jawa Barat;-7.156;108.165
5009772;2023-12-30 06:20:00;;;;;75.0;29.0;60;E;30.0;Sukaresmi;Kab. Cianjur;Jawa Barat;-6.677;107.084
5009773;2023-12-30 06:20:00;;;;;75.0;33.0;4;E;30.0;Sukaresmi;Kab. Garut;Jawa Barat;-7.246;107.733
5009774;2023-12-30 06:20:00;;;;;70.0;33.0;3;E;30.0;Sukasari;Kab. Purwakarta;Jawa Barat;-6.565;107.236
5009775;2023-12-30 06:20:00;;;;;70.0;33.0;2;E;30.0;Sukasari;Kab. Subang;Jawa Barat;-6.464;107.616
5009776;2023-12-30 06:20:00;;;;;55.0;31.0;4;E;30.0;Sukasari;Kab. Sumedang;Jawa Barat;-6.862;107.765
5009777;2023-12-30 06:20:00;;;;;75.0;30.0;3;E;30.0;Sukasari;Kota Bandung;Jawa Barat;-6.86;107.568
5009778;2023-12-30 06:20:00;;;;;70.0;33.0;1;E;30.0;Sukatani;Kab. Bekasi;Jawa Barat;-6.186;107.15
5009779;2023-12-30 06:20:00;;;;;70.0;33.0;2;E;30.0;Sukatani;Kab. Purwakarta;Jawa Barat;-6.633;107.425
5009780;2023-12-30 06:20:00;;;;;70.0;33.0;2;E;30.0;Sukawangi;Kab. Bekasi;Jawa Barat;-6.132;107.101
5009781;2023-12-30 06:20:00;;;;;75.0;33.0;1;E;30.0;Sukawening;Kab. Garut;Jawa Barat;-7.145;107.983
5009782;2023-12-30 06:20:00;;;;;75.0;33.0;1;E;30.0;Sukmajaya;Kota Depok;Jawa Barat;-6.405;106.844
5009783;2023-12-30 06:20:00;;;;;50.0;35.0;1;NE;20.0;Sukra;Kab. Indramayu;Jawa Barat;-6.305;107.915
5009784;2023-12-30 06:20:00;;;;;50.0;35.0;1;E;30.0;Sumber;Kab. Cirebon;Jawa Barat;-6.762;108.472
5009785;2023-12-30 06:20:00;;;;;50.0;35.0;3;NE;20.0;Sumberjaya;Kab. Majalengka;Jawa Barat;-6.69;108.3
5009786;2023-12-30 06:20:00;;;;;75.0;33.0;1;E;30.0;Sumedang Selatan;Kab. Sumedang;Jawa Barat;-6.998;108.118
5009787;2023-12-30 06:20:00;;;;;55.0;31.0;4;E;30.0;Sumedang Utara;Kab. Sumedang;Jawa Barat;-6.826;107.92
5009788;2023-12-30 06:20:00;;;;;75.0;30.0;4;E;30.0;Sumurbandung;Kota Bandung;Jawa Barat;-6.914;107.608
5009789;2023-12-30 06:20:00;;;;;75.0;33.0;3;E;30.0;Surade;Kab. Sukabumi;Jawa Barat;-7.336;106.575
5009790;2023-12-30 06:20:00;;;;;50.0;35.0;2;NE;20.0;Suranenggala;Kab. Cirebon;Jawa Barat;-6.632;108.486
5009791;2023-12-30 06:20:00;;;;;55.0;35.0;3;NE;20.0;Surian;Kab. Sumedang;Jawa Barat;-6.628;107.882
5009792;2023-12-30 06:20:00;;;;;50.0;35.0;2;NE;20.0;Susukan;Kab. Cirebon;Jawa Barat;-6.622;108.29
5009793;2023-12-30 06:20:00;;;;;50.0;35.0;1;E;30.0;Susukan Lebak;Kab. Cirebon;Jawa Barat;-6.863;108.578
5009794;2023-12-30 06:20:00;;;;;75.0;33.0;1;E;30.0;Tajur Halang;Kab. Bogor;Jawa Barat;-6.459;106.744
5009795;2023-12-30 06:20:00;;;;;75.0;33.0;60;E;30.0;Takokak;Kab. Cianjur;Jawa Barat;-7.086;106.993
5009796;2023-12-30 06:20:00;;;;;55.0;33.0;4;E;30.0;Talaga;Kab. Majalengka;Jawa Barat;-6.967;108.367
5009797;2023-12-30 06:20:00;;;;;75.0;33.0;2;E;30.0;Talegong;Kab. Garut;Jawa Barat;-7.299;107.462
5009798;2023-12-30 06:20:00;;;;;50.0;35.0;4;E;30.0;Talun (Cirebon Selatan);Kab. Cirebon;Jawa Barat;-6.777;108.489
5009799;2023-12-30 06:20:00;;;;;75.0;33.0;60;E;30.0;Tamansari;Kab. Bogor;Jawa Barat;-6.664;106.74
5009800;2023-12-30 06:20:00;;;;;75.0;33.0;4;E;30.0;Tamansari;Kota Tasikmalaya;Jawa Barat;-7.392;108.214
5009801;2023-12-30 06:20:00;;;;;70.0;33.0;4;E;30.0;Tambakdahan;Kab. Subang;Jawa Barat;-6.345;107.77
5009802;2023-12-30 06:20:00;;;;;75.0;33.0;63;E;30.0;Tambaksari;Kab. Ciamis;Jawa Barat;-7.238;108.513
5009803;2023-12-30 06:20:00;;;;;70.0;33.0;2;E;30.0;Tambelang;Kab. Bekasi;Jawa Barat;-6.172;107.112
5009804;2023-12-30 06:20:00;;;;;75.0;33.0;60;E;30.0;Tambun selatan;Kab. Bekasi;Jawa Barat;-6.27;107.049
5009805;2023-12-30 06:20:00;;;;;70.0;33.0;3;E;30.0;Tambun Utara;Kab. Bekasi;Jawa Barat;-6.19;107.063
5009806;2023-12-30 06:20:00;;;;;75.0;33.0;4;E;30.0;Tanah Sereal;Kota Bogor;Jawa Barat;-6.558;106.79
5009807;2023-12-30 06:20:00;;;;;75.0;33.0;60;E;30.0;Tanggeung;Kab. Cianjur;Jawa Barat;-7.2635;107.116233333333
5009808;2023-12-30 06:20:00;;;;;55.0;31.0;3;E;30.0;Tanjung Siang;Kab. Subang;Jawa Barat;-6.76;107.811
5009809;2023-12-30 06:20:00;;;;;75.0;33.0;4;E;30.0;Tanjungjaya;Kab. Tasikmalaya;Jawa Barat;-7.419;108.097
5009810;2023-12-30 06:20:00;;;;;55.0;31.0;2;E;30.0;Tanjungkerta;Kab. Sumedang;Jawa Barat;-6.764;107.916
5009811;2023-12-30 06:20:00;;;;;55.0;31.0;4;E;30.0;Tanjungmedar;Kab. Sumedang;Jawa Barat;-6.727;107.86
5009812;2023-12-30 06:20:00;;;;;75.0;29.0;60;E;30.0;Tanjungsari;Kab. Bogor;Jawa Barat;-6.604;107.138
5009813;2023-12-30 06:20:00;;;;;55.0;31.0;2;E;30.0;Tanjungsari;Kab. Sumedang;Jawa Barat;-6.9;107.8
5009814;2023-12-30 06:20:00;;;;;75.0;33.0;1;E;30.0;Tapos;Kota Depok;Jawa Barat;-6.42;106.877
5009815;2023-12-30 06:20:00;;;;;75.0;33.0;1;E;30.0;Taraju;Kab. Tasikmalaya;Jawa Barat;-7.444;107.96
5009816;2023-12-30 06:20:00;;;;;75.0;33.0;4;E;30.0;Tarogong Kaler;Kab. Garut;Jawa Barat;-7.135;107.857
5009817;2023-12-30 06:20:00;;;;;75.0;33.0;4;E;30.0;Tarogong Kidul;Kab. Garut;Jawa Barat;-7.216;107.849
5009818;2023-12-30 06:20:00;;;;;85.0;28.0;3;N;0.0;Tarumajaya;Kab. Bekasi;Jawa Barat;-6.118;106.999
5009819;2023-12-30 06:20:00;;;;;75.0;33.0;2;E;30.0;Tawang;Kota Tasikmalaya;Jawa Barat;-7.341;108.21
5009820;2023-12-30 06:20:00;;;;;75.0;33.0;60;E;30.0;Tegal Buleud;Kab. Sukabumi;Jawa Barat;-7.21;106.4
5009821;2023-12-30 06:20:00;;;;;70.0;33.0;1;E;30.0;Tegalwaru;Kab. Karawang;Jawa Barat;-6.514;107.211
5009822;2023-12-30 06:20:00;;;;;70.0;33.0;3;E;30.0;Tegalwaru;Kab. Purwakarta;Jawa Barat;-6.601;107.34
5009823;2023-12-30 06:20:00;;;;;70.0;33.0;61;E;30.0;Telagasari;Kab. Karawang;Jawa Barat;-6.267609;107.407447
5009824;2023-12-30 06:20:00;;;;;70.0;33.0;1;E;30.0;Telukjambe Barat;Kab. Karawang;Jawa Barat;-6.328;107.236
5009825;2023-12-30 06:20:00;;;;;70.0;33.0;60;E;30.0;Telukjambe Timur;Kab. Karawang;Jawa Barat;-6.38;107.339
5009826;2023-12-30 06:20:00;;;;;70.0;33.0;4;E;30.0;Tempuran;Kab. Karawang;Jawa Barat;-6.208898;107.410621
5009827;2023-12-30 06:20:00;;;;;50.0;35.0;1;E;30.0;Tengah Tani;Kab. Cirebon;Jawa Barat;-6.688;108.542
5009828;2023-12-30 06:20:00;;;;;75.0;33.0;4;E;30.0;Tenjo;Kab. Bogor;Jawa Barat;-6.371;106.481
5009829;2023-12-30 06:20:00;;;;;75.0;33.0;2;E;30.0;Tenjolaya;Kab. Bogor;Jawa Barat;-6.652;106.69
5009830;2023-12-30 06:20:00;;;;;55.0;35.0;4;NE;20.0;Terisi;Kab. Indramayu;Jawa Barat;-6.553;107.937
5009831;2023-12-30 06:20:00;;;;;70.0;33.0;1;E;30.0;Tirtajaya;Kab. Karawang;Jawa Barat;-6.36123;107.462985
5009832;2023-12-30 06:20:00;;;;;70.0;33.0;63;E;30.0;Tirtamulya;Kab. Karawang;Jawa Barat;-6.359643;107.466158
5009833;2023-12-30 06:20:00;;;;;55.0;33.0;1;E;30.0;Tomo;Kab. Sumedang;Jawa Barat;-6.76166666666667;108.135833333333
5009834;2023-12-30 06:20:00;;;;;50.0;35.0;3;NE;20.0;Tukdana;Kab. Indramayu;Jawa Barat;-6.55;108.32
5009835;2023-12-30 06:20:00;;;;;55.0;33.0;2;NE;20.0;Ujung Jaya;Kab. Sumedang;Jawa Barat;-6.71;108.1
5009836;2023-12-30 06:20:00;;;;;75.0;30.0;1;E;30.0;Ujungberung;Kota Bandung;Jawa Barat;-6.905;107.687
5009837;2023-12-30 06:20:00;;;;;75.0;33.0;2;E;30.0;Wado;Kab. Sumedang;Jawa Barat;-6.995;108.129
5009838;2023-12-30 06:20:00;;;;;55.0;35.0;3;E;30.0;Waled;Kab. Cirebon;Jawa Barat;-6.908;108.65
5009839;2023-12-30 06:20:00;;;;;75.0;33.0;4;E;30.0;Waluran;Kab. Sukabumi;Jawa Barat;-7.185;106.622
5009840;2023-12-30 06:20:00;;;;;75.0;33.0;2;E;30.0;Wanaraja;Kab. Garut;Jawa Barat;-7.186;107.98
5009841;2023-12-30 06:20:00;;;;;70.0;33.0;4;E;30.0;Wanayasa;Kab. Purwakarta;Jawa Barat;-6.66101;107.55503
5009842;2023-12-30 06:20:00;;;;;75.0;33.0;2;E;30.0;Warudoyong;Kota Sukabumi;Jawa Barat;-6.929;106.914
5009843;2023-12-30 06:20:00;;;;;75.0;33.0;61;E;30.0;Warung Kiara;Kab. Sukabumi;Jawa Barat;-6.982;106.714
5009844;2023-12-30 06:20:00;;;;;75.0;33.0;3;E;30.0;Warungkondang;Kab. Cianjur;Jawa Barat;-6.863;107.057
5009845;2023-12-30 06:20:00;;;;;50.0;35.0;1;E;30.0;Weru;Kab. Cirebon;Jawa Barat;-6.717;108.477
5009846;2023-12-30 06:20:00;;;;;50.0;35.0;1;NE;20.0;Widasari;Kab. Indramayu;Jawa Barat;-6.462;108.235
